normalized_first_line,first_line,composer_candidate,composer,composer_source,notes
ডাক দেখি মন ডাকার মতো কেমন শ্যামা থাকতে পারে,ডাক দেখি মন ডাকার মতো কেমন শ্যামা থাকতে পারে।,,,,
আমি দুর্গা দুর্গা বলে মা যদি মরি,আমি দুর্গা দুর্গা বলে মা যদি মরি।,,,,
সব মানুষ মরে যাবে,"সব মানুষ মরে যাবে,",,,,
এ কাকটা কালো,"এ কাকটা কালো,",,,,
চিন্তয় মম মানস হরি চিদঘন নিরঞ্জন,চিন্তয় মম মানস হরি চিদঘন নিরঞ্জন।,,,,
চিদানন্দরসে ভক্তিযোগাবেশে হও রে চিরমগন,"চিদানন্দরসে, ভক্তিযোগাবেশে, হও রে চিরমগন ৷",,,,
আমার কি ফলের অভাব,আমার কি ফলের অভাব ৷,,,,
কে জানে কালী কেমন ষড় দর্শনে না পায় দরশন,"কে জানে কালী কেমন, ষড় দর্শনে না পায় দরশন।",Ramprasad Sen,,,
দেখে এলাম এক নবীন রাখাল,"দেখে এলাম এক নবীন রাখাল,",,,,
সুরা পান করি না আমি সুধা খাই জয় কালী বলে,"সুরা পান করি না আমি সুধা খাই জয় কালী বলে,",Ramprasad Sen,,,
কথা বলতে ডরাই না বললেও ডরাই,কথা বলতে ডরাই; না বললেও ডরাই ৷,,,,
মন কি তত্ত্ব কর তাঁরে যেন উন্মত্ত আঁধার ঘরে,"মন কি তত্ত্ব কর তাঁরে, যেন উন্মত্ত আঁধার ঘরে ।",Ramprasad Sen,,,
প্রসাদ বলে মাতৃভাবে আমি তত্ত্ব করি যাঁরে,প্রসাদ বলে মাতৃভাবে আমি তত্ত্ব করি যাঁরে ।,,,,
ভাবিলে ভাবের উদয় হয়,ভাবিলে ভাবের উদয় হয় ।,,,,
সত্যং শিব সুন্দর ভাতি হৃদি মন্দিরে,সত্যং শিব সুন্দর ভাতি হৃদি মন্দিরে।,,,,
আনন্দবনে মল মধুর ব্রহ্মনাম,আনন্দবনে মল মধুর ব্রহ্মনাম।,,,,
চিদাকাশে হল পূর্ণ প্রেমচন্দ্রোদয় হে,চিদাকাশে হল পূর্ণ প্রেমচন্দ্রোদয় হে।,,,,
ডুব দে মন কালী বলে হৃদি রত্নাকরের অগাধ জলে,ডুব দে মন কালী বলে। হৃদি-রত্নাকরের অগাধ জলে।,Ramprasad Sen,,,
মন্দিরে তোর নাহিক মাধব,মন্দিরে তোর নাহিক মাধব!,,,,
মা কি আমার কালো রে,মা কি আমার কালো রে ৷,,,,
শ্যামা মা উড়াচ্ছ ঘুড়ি,শ্যামা মা উড়াচ্ছ ঘুড়ি (ভবসংসার বাজার মাঝে) ৷,Ramprasad Sen,,,
আমি ওই খেদ খেদ করি,আমি ওই খেদ খেদ করি ৷,Ramprasad Sen,,,
আয় মন বেড়াতে যাবি,"আয় মন, বেড়াতে যাবি ৷",Ramprasad Sen,,,
এই সংসারই মজার কুটি আমি খাই দাই আর মজা লুটি,"এই সংসারই মজার কুটি, আমি খাই-দাই আর মজা লুটি।",,,,
বংশী বাজিল ওই বিপিনে,বংশী বাজিল ওই বিপিনে ৷,,,,
আজি কি হরষ সমীর বহে প্রাণে ভগবৎ মঙ্গল কিরণে,আজি কি হরষ সমীর বহে প্রাণে — ভগবৎ মঙ্গল কিরণে!,,,,
গয়া গঙ্গা প্রভাসাদি কাশী কাঞ্চী কেবা চায়,গয়া গঙ্গা প্রভাসাদি কাশী কাঞ্চী কেবা চায় ৷,,,,
ডুব্ ডুব্ ডুব্ রূপসাগরে আমার মন,ডুব্‌ ডুব্‌ ডুব্‌ রূপসাগরে আমার মন ৷,,,,
এমনি মহামায়ার মায়া রেখেছ কি কুহক করে,এমনি মহামায়ার মায়া রেখেছ কি কুহক করে।,,,,
পড়িয়ে ভবসাগরে ডুবে মা তনুর তরী,পড়িয়ে ভবসাগরে ডুবে মা তনুর তরী।,,,,
যে ভাব লাগি পরম যোগী যোগ করে যুগ যুগান্তরে,"যে ভাব লাগি পরম যোগী, যোগ করে যুগ-যুগান্তরে।",,,,
ভাবছো কি মন একলা বসে,"ভাবছো কি মন একলা বসে,",,,,
হৃদি বৃন্দাবনে বাস যদি কর কমলাপতি,হৃদি-বৃন্দাবনে বাস যদি কর কমলাপতি।,,,,
আমার প্রাণ পিঞ্জরের পাখি গাওনারে,আমার প্রাণ-পিঞ্জরের পাখি গাওনারে।,,,,
ওহি রাম দশরথকী বেটা,"ওহি রাম দশরথকী বেটা,",,,,
নিত্যানন্দের জাহাজ এসেছে,নিত্যানন্দের জাহাজ এসেছে।,,,,
এই বেলা নে ঘর ছেয়ে,এই বেলা নে ঘর ছেয়ে।,,,,
কার ভাবে নদে এসে কাঙাল বেশে হরি হয়ে বলছি হরি,"কার ভাবে নদে এসে, কাঙাল বেশে, হরি হয়ে বলছি হরি।",,,,
সখি সে বন কতদূর,"সখি, সে বন কতদূর।",,,,
হৃদয়কমলমধ্যে নির্বিশেষং নিরীহম্,হৃদয়কমলমধ্যে নির্বিশেষং নিরীহম্‌।,,,,
জাগ জাগ জননি,"জাগ জাগ জননি,",,,,
আমি মুক্তি দিতে কাতর নই,আমি মুক্তি দিতে কাতর নই,,,,
ধন্য ধন্য ধন্য আজি দিন আনন্দকারী,"ধন্য ধন্য ধন্য আজি দিন আনন্দকারী,",,,,
শ্যামাপদ আকাশেতে মন ঘুড়িখান উড়তেছিল,শ্যামাপদ-আকাশেতে মন ঘুড়িখান উড়তেছিল ৷,,,,
মজলো আমার মনভ্রমরা শ্যামাপদ নীলকমলে,মজলো আমার মনভ্রমরা শ্যামাপদ নীলকমলে ৷,Kamalakanta Bhattacharya,,,
শ্যামা মা কি এক কল করেছে,শ্যামা মা কি এক কল করেছে।,,,,
ভবে আসা খেলতে পাশা কত আশা করেছিলাম,ভবে আসা খেলতে পাশা কত আশা করেছিলাম।,,,,
বিশ্বভুবনরঞ্জন ব্রহ্ম পরম জ্যোতিঃ,বিশ্বভুবনরঞ্জন ব্রহ্ম পরম জ্যোতিঃ ৷,,,,
ওহে রাজরাজেশ্বর দেখা দাও,"ওহে রাজরাজেশ্বর, দেখা দাও।",,,,
গগনের থালে রবিচন্দ্র দীপক জ্বলে,গগনের থালে রবিচন্দ্র দীপক জ্বলে।,,,,
দয়াঘন তোমা হেন কে হিতকারী,দয়াঘন তোমা হেন কে হিতকারী!,,,,
যতনে হৃদয়ে রেখো আদরিণী শ্যামা মাকে,"যতনে হৃদয়ে রেখো আদরিণী শ্যামা মাকে,",,,,
সাধ করে শিখেছিলাম কাব্যরস যত,‘সাধ করে শিখেছিলাম কাব্যরস যত ৷,,,,
দোষ কারু নয় গো মা আমি স্বখাত সলিলে ডুবে মরি শ্যামা,"দোষ কারু নয় গো মা, আমি স্বখাত সলিলে ডুবে মরি শ্যামা ৷",,,,
এ কি বিকার শঙ্করী কৃপা চরণতরী পেলে ধন্বন্তরি,"এ কি বিকার শঙ্করী, কৃপা-চরণতরী পেলে ধন্বন্তরি!",,,,
নবনীরদবরণ কিসে গণ্য শ্যামচাঁদ রূপ হেরে,"নবনীরদবরণ কিসে গণ্য শ্যামচাঁদ রূপ হেরে,",,,,
নাথ তিমি সর্বস্ব আমার প্রাণাধার সারাৎসার,নাথ! তিমি সর্বস্ব আমার। প্রাণাধার সারাৎসার;,,,,
ধোরো না ধোরো না রথচক্র রথ কি চক্রে চলে,"ধোরো না ধোরো না রথচক্র রথ কি চক্রে চলে,",,,,
প্যারী কার তরে আর গাঁথ হার যতনে,"প্যারী! কার তরে আর, গাঁথ হার যতনে।",,,,
জীব সাজ সমরে রণবেশে কাল প্রবেশ তোর ঘরে,"জীব সাজ সমরে, রণবেশে কাল প্রবেশ তোর ঘরে।",,,,
লাখবান কাঞ্চন জিনি রসে ঢর ঢর গোরা মুঁজাঙ নিছনি,লাখবান কাঞ্চন জিনি। রসে ঢর ঢর গোরা মুঁজাঙ নিছনি ॥,,,,
ধনি মালা গাঁথে শ্যামগলে দোলাইতে,"ধনি মালা গাঁথে, শ্যামগলে দোলাইতে,",,,,
গো আনন্দময়ী হয়ে আমায় নিরানন্দ কর না,গো আনন্দময়ী হয়ে আমায় নিরানন্দ কর না।,,,,
বল রে বল শ্রীদুর্গানাম,বল রে বল শ্রীদুর্গানাম। (ওরে আমার আমার মন রে) ॥,,,,
ওঁ সত্যং জ্ঞানমনন্তং ব্রহ্ম আনন্দরূপমমৃতংযদ্বিভাতি,ওঁ সত্যং জ্ঞানমনন্তং ব্রহ্ম। আনন্দরূপমমৃতংযদ্বিভাতি।,,,,
অসতো মা সদ্ গময় তমসো মা জ্যোতির্গময়,অসতো মা সদ্‌গময়। তমসো মা জ্যোতির্গময়।,,,,
সদানন্দময়ী কালী মহাকালের মনোমোহিনী,"সদানন্দময়ী কালী, মহাকালের মনোমোহিনী ৷",Kamalakanta Bhattacharya,,,
আমার মা ত্বং হি তারা,আমার মা ত্বং হি তারা,,,,
গোলমালে মাল রয়েছে গোল ছেড়ে মাল বেছে নাও,"গোলমালে মাল রয়েছে, গোল ছেড়ে মাল বেছে নাও।",,,,
মন চল যাই আর কাজ নাই তারাও ও তালুকে রে,"মন চল যাই, আর কাজ নাই, তারাও ও তালুকে রে!",,,,
মায়ে পোয়ে দুটো দুখের কথা কি,মায়ে পোয়ে দুটো দুখের কথা কি।,,,,
ঘরের বাহিরে দণ্ডে শতবার তিলে তিলে আসে যায়,"ঘরের বাহিরে, দণ্ডে শতবার তিলে তিলে আসে যায়",,,,
শ্রীমতী বলছেন সখি প্রাণ যায় কৃষ্ণ এনে দে,"শ্রীমতী বলছেন, সখি, প্রাণ যায়, কৃষ্ণ এনে দে!",,,,
সবহুঁ মিলি কয়লি প্রীত,সবহুঁ মিলি কয়লি প্রীত...,,,,
তুমি স্বর্গ তুমি মর্ত মা তুমি সে পাতাল,"তুমি স্বর্গ, তুমি মর্ত মা, তুমি সে পাতাল।",,,,
আপনাতে আপনি থেকো মন যেও নাকো কারু ঘরে,আপনাতে আপনি থেকো মন যেও নাকো কারু ঘরে।,,,,
কে রণে নাচিছে বামা নীরদবরণী,"কে রণে নাচিছে বামা নীরদবরণী,",,,,
কি করলে হে কান্ত অবলারি প্রাণ কান্ত,"কি করলে হে কান্ত! অবলারি প্রাণ কান্ত,",,,,
শুনেছি রাম তারক ব্রহ্ম মানুষ নয় রাম জটাধারী,"শুনেছি রাম তারক ব্রহ্ম, মানুষ নয় রাম জটাধারী ৷",,,,
মন রে কৃষি কাজ জানো না,মন রে কৃষি কাজ জানো না।,Ramprasad Sen,,,
শমন আসবার পথ ঘুচেছে আমার মনের সন্দ ঘুচে গেছে,"শমন আসবার পথ ঘুচেছে, আমার মনের সন্দ ঘুচে গেছে।",,,,
ত্রিসন্ধ্যা যে বলে কালী পূজা সন্ধ্যা সে কি চায়,"ত্রিসন্ধ্যা যে বলে কালী, পূজা সন্ধ্যা সে কি চায় ৷",,,,
যাদের হরি বলতে নয়ন ঝরে ওই তারা তারা দুভাই এসেছে রে,"যাদের হরি বলতে নয়ন ঝরে, ওই তারা তারা দুভাই এসেছে রে।",,,,
নদে টলমল টলমল করে গৌরপ্রেমের হিল্লোলে রে,নদে টলমল টলমল করে — গৌরপ্রেমের হিল্লোলে রে।,,,,
অভয় পদে প্রাণ সঁপেছি,অভয় পদে প্রাণ সঁপেছি ৷,Ramprasad Sen,,,
রণে এসেছ কার কামিনী,রণে এসেছ কার কামিনী,,,,
ভুবন ভুলাইলি মা হরমোহিনী,"ভুবন ভুলাইলি মা, হরমোহিনী।",,,,
ভবদারা ভয়হরা নাম শুনেছি তোমার,"ভবদারা ভয়হরা নাম শুনেছি তোমার,",,,,
তদূর্ধ্বেতে আছে মাগো নাম কণ্ঠস্থল,"তদূর্ধ্বেতে আছে মাগো নাম কণ্ঠস্থল,",,,,
মা আমি কি আটাশে ছেলে,মা আমি কি আটাশে ছেলে।,Ramprasad Sen,,,
তার তারিণী এবার তারো ত্বরিত করিয়ে,"তার তারিণী। এবার তারো ত্বরিত করিয়ে,",,,,
ভাব কি ভেবে পরাণ গেল,ভাব কি ভেবে পরাণ গেল।,Ramprasad Sen,,,
আমার অঙ্গ কেন গৌর হল,আমার অঙ্গ কেন গৌর হল।,,,,
পাড়ার লোকে গোল করে মা,"পাড়ার লোকে গোল করে মা,",,,,
শ্যামের নাগাল পেলাম না গো সই,শ্যামের নাগাল পেলাম না গো সই।,,,,
হলাম যার জন্য পাগল তারে কই পেলাম সই,হলাম যার জন্য পাগল তারে কই পেলাম সই,,,,
ভাব হবে বইকি রে ভাবনিধি শ্রীগৌরাঙ্গের,ভাব হবে বইকি রে ভাবনিধি শ্রীগৌরাঙ্গের।,,,,
সেদিন কবে বা হবে,সেদিন কবে বা হবে?,,,,
ভেবে দেখ মন কেউ কারু নয় মিছে ভ্রম ভূমণ্ডলে,"ভেবে দেখ মন কেউ কারু নয়, মিছে ভ্রম ভূমণ্ডলে।",,,,
সকলই তোমার ইচ্ছা ইচ্ছাময়ী তারা তুমি,"সকলই তোমার ইচ্ছা, ইচ্ছাময়ী তারা তুমি।",,,,
বাহ্যদশা তখন স্থূল আর সূক্ষ্ম তাঁর মন থাকত,১. বাহ্যদশা — তখন স্থূল আর সূক্ষ্ম তাঁর মন থাকত।,,,,
চরিত্র শ্রীমহারাজ শ্রীজয়মল,চরিত্র শ্রীমহারাজ শ্রীজয়মল,,,,
নয়নে গলয়ে ধারা মনে উতরোল চমকি চাহিয়া রহে নাহি আইসে বোল,নয়নে গলয়ে ধারা মনে উতরোল। চমকি চাহিয়া রহে নাহি আইসে বোল ॥,,,,
গুহ বলে ভাল ভাল তুমি মোর মিতে তোমাতে সঁপিনু দেহ পরাণ সহিতে,গুহ বলে ভাল ভাল তুমি মোর মিতে। তোমাতে সঁপিনু দেহ পরাণ সহিতে ॥,,,,
দয়াল পরমানন্দ প্রেমাধীন রামচন্দ্র ভক্তবৎসল গুণধাম,"দয়াল পরমানন্দ, প্রেমাধীন রামচন্দ্র, ভক্তবৎসল গুণধাম।",,,,
রাধার দেখা কি পায় সকলে,"রাধার দেখা কি পায় সকলে,",,,,
গৌর নিতাই তোমরা দুভাই পরম দয়াল হে প্রভু,"গৌর নিতাই তোমরা দুভাই, পরম দয়াল হে প্রভু",,,,
সুরধনীর তীরে হরি বলে কে বুঝি প্রেমদাতা নিতাই এসেছে,"সুরধনীর তীরে হরি বলে কে, বুঝি প্রেমদাতা নিতাই এসেছে।",,,,
ভবহারা ভয়হারা নাম শুনেছি তোমার,ভবহারা ভয়হারা নাম শুনেছি তোমার।,,,,
তারিতে হবে মা তারা হয়েছি শরণাগত,তারিতে হবে মা তারা হয়েছি শরণাগত।,,,,
ঘরে যাবই যে না গো,ঘরে যাবই যে না গো!,,,,
গৌর হে আমি সাধন ভজনহীন,গৌর হে আমি সাধন-ভজনহীন,,,,
আমি গেরুয়া বসন অঙ্গেতে পরিব,আমি গেরুয়া বসন অঙ্গেতে পরিব,,,,
সে যে কোঠার ভিতর চোরকুঠরি,‘সে যে কোঠার ভিতর চোরকুঠরি,,,,
পঞ্চভূতের ফাঁদে ব্রহ্ম পড়ে কাঁদে,"‘পঞ্চভূতের ফাঁদে, ব্রহ্ম পড়ে কাঁদে।’",,,,
শ্যাম তুমি পরাণের পরাণ,শ্যাম তুমি পরাণের পরাণ।,,,,
ধরো না ধরো না রথচক্র রথ কি চক্রে চলে,"ধরো না ধরো না রথচক্র, রথ কি চক্রে চলে!",,,,
শ্রীগৌরাঙ্গসুন্দর নব নটবর তপতকাঞ্চন কায়,শ্রীগৌরাঙ্গসুন্দর নব-নটবর তপতকাঞ্চন কায়।,,,,
জাগো মা কুলকুণ্ডলিনী তুমি নিত্যানন্দ স্বরূপিণী,"‘জাগো মা কুলকুণ্ডলিনী! তুমি নিত্যানন্দ স্বরূপিণী,",,,,
প্রসাদ বলে ভুক্তি মুক্তি উভয় মাথায় রেখেছি,"প্রসাদ বলে ভুক্তি মুক্তি উভয় মাথায় রেখেছি,",Ramprasad Sen,,,
বাঁচলাম সখি শুনি কৃষ্ণনাম,"বাঁচলাম সখি, শুনি কৃষ্ণনাম (ভাল কথার মন্দও ভাল)।",,,,
সমর আলো করে কার কামিনী,সমর আলো করে কার কামিনী।,Kamalakanta Bhattacharya,,,
কি দেখিলাম রে কেশব ভারতীর কুটিরে অপরূপ জ্যোতিঃ,"কি দেখিলাম রে, কেশব ভারতীর কুটিরে, অপরূপ জ্যোতিঃ,",,,,
গৌর প্রেমের ঢেউ লেগেছে গায়,গৌর প্রেমের ঢেউ লেগেছে গায়।,,,,
যদেকং নিষ্কলং ব্রহ্ম ব্যোমাতীতং নিরঞ্জনম্,যদেকং নিষ্কলং ব্রহ্ম ব্যোমাতীতং নিরঞ্জনম্‌।,,,,
অগ্নির্দেবো দ্বিজাতীনাং মুনীনাং হৃদি দৈবতম্,অগ্নির্দেবো দ্বিজাতীনাং মুনীনাং হৃদি দৈবতম্‌।,,,,
অন্তর্বহির্যদিহরিস্তপসা ততঃ কিম্,অন্তর্বহির্যদিহরিস্তপসা ততঃ কিম্‌।,,,,
যস্যামিদং কল্পিতমিন্দ্রজালং চরাচরং ভাতি মনোবিলাসম্,"যস্যামিদং কল্পিতমিন্দ্রজালং, চরাচরং ভাতি মনোবিলাসম্‌।",,,,
ঊর্ধ্বপূর্ণমধঃপূর্ণং মধ্যপূর্ণং যদাত্মকম্,ঊর্ধ্বপূর্ণমধঃপূর্ণং মধ্যপূর্ণং যদাত্মকম্‌।,,,,
তোর কোলে লুকায়ে থাকি,তোর কোলে লুকায়ে থাকি (মা)।,,,,
লজ্জা নিবারণ হরি আমার,লজ্জা নিবারণ হরি আমার।,,,,
যশ অপযশ কুরস সুরস সকল রস তোমারি,‘যশ অপযশ কুরস সুরস সকল রস তোমারি।,,,,
আপনি নাচ আপনি গাও আপনি বাজাও তালে তালে,"(হরি) আপনি নাচ, আপনি গাও, আপনি বাজাও তালে তালে,",,,,
প্রেম গিরি কন্দরে যোগী হয়ে রহিব,"প্রেম গিরি-কন্দরে, যোগী হয়ে রহিব।",,,,
বিরম বিরম ব্রহ্মন্ কিং তপস্যাসু বৎস,বিরম বিরম ব্রহ্মন্‌ কিং তপস্যাসু বৎস।,,,,
প্রেমের বাজারে আনন্দের মালা,প্রেমের বাজারে আনন্দের মালা।,,,,
আমি ওই খেদে খেদ করি শ্যামা,আমি ওই খেদে খেদ করি শ্যামা।,,,,
অখণ্ডমণ্ডলাকারং ব্যাপ্তং যেন চরাচরম্,অখণ্ডমণ্ডলাকারং ব্যাপ্তং যেন চরাচরম্‌।,,,,
হরি বলিতে ধারা বেয়ে পড়বে,হরি বলিতে ধারা বেয়ে পড়বে। (সে দিন কবে বা হবে),,,,
প্রেমধন বিলায় গোরারায়,প্রেমধন বিলায় গোরারায়।,,,,
শীতল তছু অঙ্গ হেরি সঙ্গসুখ লালসে,শীতল তছু অঙ্গ হেরি সঙ্গসুখ লালসে (হে)।,,,,
মরিব মরিব সখি নিশ্চয় মরিব,"মরিব মরিব সখি, নিশ্চয় মরিব,",,,,
ধনি দাঁড়ালো রে,ধনি দাঁড়ালো রে,,,,
মা কি এমনি মায়ের মেয়ে,মা কি এমনি মায়ের মেয়ে।,,,,
মা কি শুধুই শিবের সতী,মা কি শুধুই শিবের সতী।,Ramprasad Sen,,,
আমি সুরা পান করি না সুধা খাই জয় কালী বলে,"আমি সুরা পান করি না, সুধা খাই জয় কালী বলে,",Ramprasad Sen,,,
কালীনাম কল্পতরু হৃদয়ে রোপণ করেছি,"কালীনাম কল্পতরু, হৃদয়ে রোপণ করেছি।",Ramprasad Sen,,,
নির্গুণ মেরা বাপ সগুণ মাহতারি,"‘নির্গুণ মেরা বাপ, সগুণ মাহতারি,",,,,
শিব সঙ্গে সদারঙ্গে আনন্দে মগনা,শিব সঙ্গে সদারঙ্গে আনন্দে মগনা।,,,,
দুর্গানাম জপ সদা রসনা আমার,"দুর্গানাম জপ সদা রসনা আমার,",,,,
যশোদা নাচাতো শ্যামা বলে নীলমণি,"যশোদা নাচাতো শ্যামা বলে নীলমণি,",,,,
আমার গৌর নাচে,আমার গৌর নাচে।,,,,
নাচে সংকীর্তনে,নাচে সংকীর্তনে (শচীর দুলাল নাচে রে)।,,,,
হরিনাম মদিরায় মত্ত হও,হরিনাম মদিরায় মত্ত হও —,,,,
কৌপিন দাও কাঙালবেশে ব্রজে যাই হে ভারতী,কৌপিন দাও কাঙালবেশে ব্রজে যাই হে ভারতী।,,,,
দেখসে আয় গৌরবরণ রূপখানি,দেখসে আয় গৌরবরণ রূপখানি (গো সজানী)।,,,,
শ্যামা ধন কি সবাই পায় অবোধ মন বোঝে না একি দায়,শ্যামা ধন কি সবাই পায়। অবোধ মন বোঝে না একি দায় ॥,Kamalakanta Bhattacharya,,,
শ্যামা মা কি কল করেছে কালী মা কি কল করেছে,"শ্যামা মা কি কল করেছে, কালী মা কি কল করেছে,",,,,
সুন্দর তোমার নাম দীনশরণ হে,সুন্দর তোমার নাম দীনশরণ হে।,,,,
যাবে কি হে দিন আমার বিফলে চলিয়ে,যাবে কি হে দিন আমার বিফলে চলিয়ে।,,,,
চিনিব কেমনে হে তোমায়,"চিনিব কেমনে হে তোমায় (হরি),",,,,
হরি হরি বল রে বীণে,হরি হরি বল রে বীণে!,,,,
হরিনাম বিনে আর কি ধন আছে সংসারে বল মাধাই মধুর স্বরে,"‘হরিনাম বিনে আর কি ধন আছে সংসারে, বল মাধাই মধুর স্বরে।’",,,,
হরে কৃষ্ণ হরে কৃষ্ণ কৃষ্ণ কৃষ্ণ হরে হরে,হরে কৃষ্ণ হরে কৃষ্ণ কৃষ্ণ কৃষ্ণ হরে হরে।,,,,
হরি বলে আমার গৌর নাচে,হরি বলে আমার গৌর নাচে।,,,,
চিদানন্দ সিন্ধুনীরে প্রেমানন্দের লহরী,চিদানন্দ সিন্ধুনীরে প্রেমানন্দের লহরী।,,,,
লুটায়ে অবনীতল হরি হরি বলি কাঁদ রে,"লুটায়ে অবনীতল, হরি হরি বলি কাঁদ রে ॥",,,,
প্রেমে মত্ত হয়ে হরি হরি বলি কাঁদ রে,"প্রেমে মত্ত হয়ে, হরি হরি বলি কাঁদ রে।",,,,
ভুবনরঞ্জনরূপ নদে গৌর কে আনিল রে,ভুবনরঞ্জনরূপ নদে গৌর কে আনিল রে (অলকা আবৃত মুখ),,,,
ফরে ফৃষ্ট ফরে ফৃষ্ট ফৃষ্ট ফৃষ্ট ফরে ফরে,"ফরে ফৃষ্ট, ফরে ফৃষ্ট, ফৃষ্ট ফৃষ্ট ফরে ফরে!",,,,
মনের কথা কইবো কি সই কইতে মানা দরদী নইলে প্রাণ বাঁচে না,মনের কথা কইবো কি সই কইতে মানা। দরদী নইলে প্রাণ বাঁচে না ॥,,,,
দরবেশে দাঁড়ারে সাধের করোয়া ধারী,"দরবেশে দাঁড়ারে, সাধের করোয়া ধারী,",,,,
নাথ দরশসুখে ইত্যাদি,নাথ দরশসুখে ইত্যাদি —,,,,
তোদের খ্যাপার হাট বাজার মা,তোদের খ্যাপার হাট বাজার মা (তারা)।,Ramprasad Sen,,,
ওঁ নমস্তে সতে তে জগৎকারণায় নমস্তে চিতে সর্বলোকাশ্রয়ায়,"ওঁ নমস্তে সতে তে জগৎকারণায়, নমস্তে চিতে সর্বলোকাশ্রয়ায়।",,,,
মলিন পঙ্কিল মনে কেমনে ডাকিব তোমায়,মলিন পঙ্কিল মনে কেমনে ডাকিব তোমায়।,,,,
দিবানিশি করিয়া যতন হৃদয়েতে র চেছি আসন,"দিবানিশি করিয়া যতন হৃদয়েতে র’চেছি আসন,",,,,
এবার আমি ভাল ভেবেছি ভাল ভাবীর কাছে ভাব শিখেছি,"এবার আমি ভাল ভেবেছি, ভাল ভাবীর কাছে ভাব শিখেছি।",Ramprasad Sen,,,
দে মা পাগল করে আর কাজ নাই জ্ঞানবিচারে,"(আমায়) দে মা পাগল করে, আর কাজ নাই জ্ঞানবিচারে।",,,,
রাই বলিলে বলিতে পারে,রাই বলিলে বলিতে পারে! (কৃষ্ণের জন্য জেগে আছে।),,,,
কেমন করে পরের ঘরে ছিলি উমা বল মা তাই,"কেমন করে পরের ঘরে, ছিলি উমা বল মা তাই।",,,,
আমার গৌর রতন,আমার গৌর রতন।,,,,
গৌর চাহে বৃন্দাবনপানে আর ধারা বহে দুনয়নে,"গৌর চাহে বৃন্দাবনপানে, আর ধারা বহে দুনয়নে।",,,,
গোরা চাহে বৃন্দাবনপানে আর ধারা বহে দুনয়নে,"গোরা চাহে বৃন্দাবনপানে, আর ধারা বহে দুনয়নে ॥",,,,
নয়ন বাঁকা বাঁকা শিখিপাখা রাধিকা হৃদিরঞ্জন,"নয়ন বাঁকা, বাঁকা শিখিপাখা, রাধিকা-হৃদিরঞ্জন’",,,,
কাঁহা মেরা বৃন্দাবন কাঁহা যশোদা মাই,"কাঁহা মেরা বৃন্দাবন, কাঁহা যশোদা মাই।",,,,
জয় নিত্যানন্দ গৌরচন্দ্র জয় ভবতারণ,জয় নিত্যানন্দ গৌরচন্দ্র জয় ভবতারণ।,,,,
দে গো ভিক্ষা দে,দে গো ভিক্ষা দে।,,,,
পুরুষগণ চন্দ্রকিরণ অঙ্গে নমো বামনরূপধারী,"পুরুষগণ — চন্দ্রকিরণ অঙ্গে, নমো বামনরূপধারী।",,,,
আর ঘুমাইও না মন মায়াঘোরে কতদিন রবে অচেতন,আর ঘুমাইও না মন। মায়াঘোরে কতদিন রবে অচেতন।,,,,
যে অবধি গেছে বিশ্বরূপ,"‘যে অবধি গেছে বিশ্বরূপ,",,,,
আহা দেখ দেখ পাগলের প্রায়,"‘আহা দেখ দেখ পাগলের প্রায়,",,,,
কই প্রভু কই মম কৃষ্ণভক্তি হলো,"কই প্রভু কই মম কৃষ্ণভক্তি হলো,",,,,
প্রভু কোন্ হেতু কিছু নাহি জানি,"প্রভু কোন্‌ হেতু কিছু নাহি জানি,",,,,
সার্থক জীবন সত্য মম ফলেছে স্বপন,সার্থক জীবন; সত্য মম ফলেছে স্বপন;,,,,
কই কৃষ্ণ এল কুঞ্জে প্রাণ সই,কই কৃষ্ণ এল কুঞ্জে প্রাণ সই!,,,,
প্রাণ ভরে আয় হরি বলি নেচে আয় জগাই মাধাই,"প্রাণ ভরে আয় হরি বলি, নেচে আয় জগাই মাধাই।",,,,
যে জন প্রেমের ঘাট চেনে না,যে-জন প্রেমের ঘাট চেনে না।,,,,
এবার কালী তোমায় খাব,এবার কালী তোমায় খাব। (খাব খাব গো দীন দয়াময়ী)।,Ramprasad Sen,,,
আমায় দে মা পাগল করে আর কাজ নাই জ্ঞানবিচারে,"আমায় দে মা পাগল করে, আর কাজ নাই জ্ঞানবিচারে।",,,,
তারে কই পেলুম সই হলাম যার জন্য পাগল,"তারে কই পেলুম সই, হলাম যার জন্য পাগল।",,,,
কখন কি রঙ্গে থাক মা শ্যামা সুধাতরঙ্গিণী,কখন কি রঙ্গে থাক মা শ্যামা সুধাতরঙ্গিণী!,,,,
প্রাণ হে গোবিন্দ মম জীবন,প্রাণ হে গোবিন্দ মম জীবন!,,,,
আর ভুলালে ভুলব না মা দেখেছি তোমার রাঙা চরণ,"আর ভুলালে ভুলব না মা, দেখেছি তোমার রাঙা চরণ।",,,,
ঘরে আসবেন চণ্ডী শুনব কত চণ্ডী,"ঘরে আসবেন চণ্ডী, শুনব কত চণ্ডী,",,,,
এক পুরাতন পুরুষ নিরঞ্জনে চিত্ত সমাধান কর রে,"এক পুরাতন পুরুষ নিরঞ্জনে, চিত্ত সমাধান কর রে,",,,,
শ্রীদুর্গানাম জপ সদা রসনা আমার,শ্রীদুর্গানাম জপ সদা রসনা আমার।,,,,
চল অচল তুমি মা তুমি সূক্ষ্ম স্থূল,"চল অচল তুমি মা তুমি সূক্ষ্ম স্থূল,",,,,
বায়ু অন্ধকার আদি শূন্য আর আকাশ,"বায়ু অন্ধকার আদি শূন্য আর আকাশ,",,,,
অমূল্যধন পাবি রে মন হলে খাঁটি,অমূল্যধন পাবি রে মন হলে খাঁটি!,,,,
তুমি সর্বস্ব আমার প্রাণাধার সারাৎসার,তুমি সর্বস্ব আমার (হে নাথ) প্রাণাধার সারাৎসার।,,,,
যশোদা নাচাতো গো মা বলে নীলমণি,যশোদা নাচাতো গো মা বলে নীলমণি।,,,,
কত ভালবাস গো মা মানব সন্তানে,"কত ভালবাস গো মা মানব সন্তানে,",,,,
অন্তরে জাগিছ গো মা অন্তরযামিনী,"অন্তরে জাগিছ গো মা অন্তরযামিনী,",,,,
কেন রে মন ভাবিস এত দীন হীন কাঙালের মতো,"কেন রে মন ভাবিস এত দীন হীন কাঙালের মতো,",,,,
মধুর হরিনাম নসে রে জীব যদি সুখে থাকবি,"মধুর হরিনাম নসে রে, জীব যদি সুখে থাকবি।",,,,
ব্রজে যাই কাঙ্গালবেশে কৌপিন দাও হে ভারতী,ব্রজে যাই কাঙ্গালবেশে কৌপিন দাও হে ভারতী।,,,,
কে হরিবোল হরিবোল বলিয়ে যায় যারে মাধাই জেনে আয়,কে হরিবোল হরিবোল বলিয়ে যায়। যারে মাধাই জেনে আয়।,,,,
কত দিনে হবে সে প্রেম সঞ্চার,কত দিনে হবে সে প্রেম সঞ্চার।,,,,
য়ৎ করোষি য়দশ্নাসি য়জ্জুহোষি দদাসি য়ৎ,য়ৎ করোষি য়দশ্নাসি য়জ্জুহোষি দদাসি য়ৎ।,,,,
শ্যামাপদে আশ নদীর তীরে বাস,"শ্যামাপদে আশ, নদীর তীরে বাস।",,,,
মহিষমর্দিনী,মহিষমর্দিনী।,,,,
শিব শিব,শিব শিব।,,,,
রাধার প্রেমে মাতোয়ারা তারা দুভাই এসেছে রে,"‘রাধার প্রেমে মাতোয়ারা, তারা দুভাই এসেছে রে।’",,,,
গিরি গণেশ আমার শুভকারী,গিরি! গণেশ আমার শুভকারী। —,,,,
মন কর কি তত্ত্ব তাঁরে যেন উন্মত্ত আঁধার ঘরে,মন কর কি তত্ত্ব তাঁরে যেন উন্মত্ত আঁধার ঘরে।,,,,
ষড় দর্শনে না পায় দরশন আগম নিগম তন্ত্রসারে,"ষড় দর্শনে না পায় দরশন, আগম নিগম তন্ত্রসারে।",,,,
রামপ্রসাদ বলে ভক্তি মুক্তি উভয়ে মাথায় রেখেছি,"রামপ্রসাদ বলে ভক্তি মুক্তি উভয়ে মাথায় রেখেছি,",Ramprasad Sen,,,
মায়ে পোয়ে মোকদ্দমা ধুম হবে রামপ্রসাদ বলে,"মায়ে পোয়ে মোকদ্দমা ধুম হবে রামপ্রসাদ বলে,",,,,
আমি কি আটাশে ছেলে আমি ভয় করিনি চোখ রাঙ্গালে,আমি কি আটাশে ছেলে আমি ভয় করিনি চোখ রাঙ্গালে।,,,,
ত্বং স্বাহা ত্বং স্বধা ত্বং হি বষট্ কারঃ স্বরাত্মিকা,ত্বং স্বাহা ত্বং স্বধা ত্বং হি বষট্‌কারঃ স্বরাত্মিকা।,,,,
তাই তোমাকে সুধাই কালী,তাই তোমাকে সুধাই কালী।,,,,
জয় কালী জয় কালী বলে যদি আমার প্রাণ যায়,জয় কালী জয় কালী বলে যদি আমার প্রাণ যায়।,,,,
পরম দয়াল হে প্রভু,‘পরম দয়াল হে প্রভু’ —,,,,
কবিং পুরাণমনুশাসিতারমণোরণীয়াংসমনুসমরেদ্ যঃ,কবিং পুরাণমনুশাসিতারমণোরণীয়াংসমনুসমরেদ্‌ যঃ।,,,,
নাচ মা ভক্তবৃন্দ বেড়ে বেড়ে,"নাচ মা, ভক্তবৃন্দ বেড়ে বেড়ে;",,,,
আমি কালীব্রহ্ম জেনে মর্ম ধর্মাধর্ম সব ছেড়েছি,"আমি কালীব্রহ্ম জেনে মর্ম, ধর্মাধর্ম সব ছেড়েছি।",,,,
হরিষে লাগি রহ রে ভাই,"হরিষে লাগি রহ রে ভাই,",,,,
তার তারিণি,তার তারিণি!,,,,
এ সব ক্ষেপা মেয়ের খেলা,এ সব ক্ষেপা মেয়ের খেলা।,,,,
কালী কে জানে তোমায় মা,কালী কে জানে তোমায় মা (তুমি অনন্তরূপিণী!),,,,
ভাব শ্রীকান্ত নরকান্তকারীরে,ভাব শ্রীকান্ত নরকান্তকারীরে।,,,,
তস্মাদসক্তং সততং কার্যং কর্ম সমাচর,তস্মাদসক্তং সততং কার্যং কর্ম সমাচর।,,,,
প্রকৃতেঃ ক্রিয়মাণানি গুণৈঃ কর্মাণি সর্বশঃ,প্রকৃতেঃ ক্রিয়মাণানি গুণৈঃ কর্মাণি সর্বশঃ।,,,,
যৎ করোষি যদশ্নাসি যজ্জুহোষি দদাসি যৎ,যৎ করোষি যদশ্নাসি যজ্জুহোষি দদাসি যৎ।,,,,
যো মাং পশ্যতি সর্বত্র সর্বঞ্চ ময়ি পশ্যতি,যো মাং পশ্যতি সর্বত্র সর্বঞ্চ ময়ি পশ্যতি।,,,,
নিবিড় আঁধারে মা তোর চমকে ও রূপরাশি,নিবিড় আঁধারে মা তোর চমকে ও রূপরাশি ৷,,,,
এই সংসার মজার কুটি,এই সংসার মজার কুটি।,,,,
ভাল ভাবীর কাছে ভাব শিখেছি,ভাল ভাবীর কাছে ভাব শিখেছি।,Ramprasad Sen,,,
আমি দেহ বেচে ভবের হাটে শ্রীদুর্গানাম কিনে এনেছি,আমি দেহ বেচে ভবের হাটে শ্রীদুর্গানাম কিনে এনেছি।,,,,
নারাধিতো যদি হরিস্তপসা ততঃ কিম্,নারাধিতো যদি হরিস্তপসা ততঃ কিম্‌ ॥,,,,
হে চনদ্রচূড় মদনান্তক শূলপাণে স্থাণো গিরিশ গিরিজেশ মহেশ শম্ভো,"হে চনদ্রচূড় মদনান্তক শূলপাণে, স্থাণো গিরিশ গিরিজেশ মহেশ শম্ভো।",,,,
কেশব কুরু করুণা দীনে কুঞ্জকাননচারী,"কেশব কুরু করুণা দীনে, কুঞ্জকাননচারী।",,,,
কিশোরীর প্রেম নিবি আয় প্রেমের জুয়ার বয়ে যায়,"কিশোরীর প্রেম নিবি আয়, প্রেমের জুয়ার বয়ে যায়।",,,,
কার ভাবে গৌর বেশে জুড়ালে হে প্রাণ,কার ভাবে গৌর বেশে জুড়ালে হে প্রাণ।,,,,
হরি আপনি এসে যোগীবেশে করিলে নামসংকীর্তন,"হরি আপনি এসে, যোগীবেশে, করিলে নামসংকীর্তন।",,,,
সব দুঃখ দূর করিলে দরশন দিয়ে মোহিলে প্রাণ,সব দুঃখ দূর করিলে দরশন দিয়ে — মোহিলে প্রাণ।,,,,
তোমারেই করিয়াছি জীবনের ধ্রুবতারা,তোমারেই করিয়াছি জীবনের ধ্রুবতারা।,,,,
পরিত্রাণায় সাধূনাং বিনাশায় চ দুষ্কৃতাম্,‘পরিত্রাণায় সাধূনাং বিনাশায় চ দুষ্কৃতাম্‌।,,,,
মান কয়লি তো কয়লি আমরাও তোর মানে আছি,"‘মান কয়লি তো কয়লি, আমরাও তোর মানে আছি।’",,,,
রে মাধবী আমার মাধব দে,রে মাধবী! আমার মাধব দে!,,,,
সহজ মানুষ না হলে সজকে না যায় চেনা,সহজ মানুষ না হলে সজকে না যায় চেনা।,,,,
দরবেশ দাঁড়ারে সাধের করওয়া কিস্তিধারী,"দরবেশ দাঁড়ারে, সাধের করওয়া কিস্তিধারী।",,,,
এসেছেন এক ভাবের ফকির,এসেছেন এক ভাবের ফকির।,,,,
মন একবার হরি বল হরি বল হরি বল,মন একবার হরি বল হরি বল হরি বল।,,,,
জয় শচীনন্দন গৌর গুণাকার প্রেম পরশমণি ভাব রস সাগর,"জয় শচীনন্দন, গৌর গুণাকার, প্রেম-পরশমণি, ভাব-রস-সাগর।",,,,
আরে মোর গোরা দ্বিজমণি,আরে মোর গোরা দ্বিজমণি।,,,,
কহ কহ সুবদনী রাধে কি তোর হইল বিরোধে,কহ কহ সুবদনী রাধে! কি তোর হইল বিরোধে ॥,,,,
কদম্বের বনে থাকে কোন্ জনে কেমন শবদ্ আসি,"কদম্বের বনে, থাকে কোন্‌ জনে, কেমন শবদ্‌ আসি।",,,,
পহিলে শুনিনু অপরূপ ধ্বনি কদম্ব কানন হৈতে তারপর দিনে ভাটের বর্ণনে শুনি চমকিত চিতে,"পহিলে শুনিনু, অপরূপ ধ্বনি, কদম্ব কানন হৈতে। তারপর দিনে, ভাটের বর্ণনে, শুনি চমকিত চিতে ॥",,,,
যে দেখেছি যমুনাতটে সেই দেখি এই চিত্রপটে,যে দেখেছি যমুনাতটে। সেই দেখি এই চিত্রপটে ॥,,,,
পরবত পাথার,পরবত পাথার।,,,,
বিপদভয় বারণ যে করে ওরে মন তাঁরে কেন ডাক না,"বিপদভয় বারণ, যে করে ওরে মন, তাঁরে কেন ডাক না;",,,,
কি ভয় সংসার শোক ঘোর বিপদ শাসনে,কি ভয় সংসার শোক ঘোর বিপদ শাসনে।,,,,
দেখিলে তোমার সেই অতুল প্রেম আননে,"দেখিলে তোমার সেই অতুল প্রেম-আননে,",,,,
হরিরসমদিরা পিয়ে মম মানস মাতোরে,হরিরসমদিরা পিয়ে মম মানস মাতোরে।,,,,
চমৎকার অপার জগৎ রচলা তোমার,চমৎকার অপার জগৎ রচলা তোমার।,,,,
সেই এক পুরাতনে পুরুষ নিরঞ্জনে চিত্ত সমাধান কর রে,"সেই এক পুরাতনে, পুরুষ নিরঞ্জনে, চিত্ত সমাধান কর রে।",,,,
এসো মা এসো মা ও হৃদয় রমা পরাণ পুতলী গো,"এসো মা এসো মা, ও হৃদয়-রমা, পরাণ-পুতলী গো।",,,,
তুঝ্ সে হাম্ নে দিল্ কো লাগায়া যো কুছ্ হ্যায় সব্ তুঁহি হ্যায়,"তুঝ্‌সে হাম্‌নে দিল্‌কো লাগায়া, যো কুছ্‌ হ্যায় সব্‌ তুঁহি হ্যায় ॥",,,,
বিফলে দিন যায় রে বীণে শ্রীহরির সাধন বিনে,"বিফলে দিন যায় রে বীণে, শ্রীহরির সাধন বিনে।",,,,
মা ত্বং হি তারা তুমি ত্রিগুণধরা পরাৎপরা,"মা ত্বং হি তারা, তুমি ত্রিগুণধরা পরাৎপরা।",,,,
কভু কমলে কমলে থাকো মা পূর্ণব্রহ্মসনাতনী,কভু কমলে কমলে থাকো মা পূর্ণব্রহ্মসনাতনী।,,,,
সকলি তোমার ইচ্ছা ইচ্ছাময়ী তারা তুমি,"সকলি তোমার ইচ্ছা, ইচ্ছাময়ী তারা তুমি।",,,,
ভবসিন্ধু মাঝে মন উঠছে ডুবছে কত তরী,ভবসিন্ধু মাঝে মন উঠছে ডুবছে কত তরী!,,,,
এস মা জীবন উমা ইত্যাদি,এস মা জীবন উমা — ইত্যাদি।,,,,
ডুবলো নয়ন ফিরে না এলো,‘ডুবলো নয়ন ফিরে না এলো।,,,,
কৃষ্ণ কৃষ্ণ মহাযোগিংস্ত্বমাদ্যঃ পুরুষঃ পরঃ,কৃষ্ণ কৃষ্ণ মহাযোগিংস্ত্বমাদ্যঃ পুরুষঃ পরঃ।,,,,
ঘুম ভেঙেছে আর কি ঘুমাই যোগে যাগে জেগে আছি,"ঘুম ভেঙেছে আর কি ঘুমাই, যোগে-যাগে জেগে আছি।",,,,
আমার এই সাধের বীণে যত্নে গাঁথা তারের হার,"আমার এই সাধের বীণে, যত্নে গাঁথা তারের হার ৷",,,,
জুড়াইতে চাই কোথায় জুড়াই,"জুড়াইতে চাই, কোথায় জুড়াই,",,,,
কোঁ কোঁ কোঁ বহরে ঝড়,কোঁ কোঁ কোঁ বহরে ঝড়।,,,,
দীনতারিণী দূরিতবারিণী সত্ত্বরজঃতমঃ ত্রিগুণধারিণী,"দীনতারিণী দূরিতবারিণী, সত্ত্বরজঃতমঃ ত্রিগুণধারিণী,",,,,
ধরম করম সকলি গেল শ্যামাপূজা বুঝি হল না,"ধরম করম সকলি গেল, শ্যামাপূজা বুঝি হল না!",,,,
রাঙা জবা কে দিলে তোর পায়ে মুঠো মুঠো,রাঙা জবা কে দিলে তোর পায়ে মুঠো মুঠো।,,,,
অহংকারে মত্ত সদা অপার বাসনা,"অহংকারে মত্ত সদা, অপার বাসনা।",,,,
মহা সিংহাসনে বসি শুনেছি হে বিশ্বপতিঃ,মহা সিংহাসনে বসি শুনেছি হে বিশ্বপতিঃ,,,,
তুরীয়ং সচ্চিদানন্দম্ দ্বৈতাদ্বৈতবিবর্জিতম্,তুরীয়ং সচ্চিদানন্দম্‌ দ্বৈতাদ্বৈতবিবর্জিতম্‌।,,,,
জয় জয় পরব্রহ্ম অপার তুমি অগম্য,জয় জয় পরব্রহ্ম অপার তুমি অগম্য,,,,
কর তাঁর নাম গান যতদিন দেহে রহে প্রাণ,"কর তাঁর নাম গান, যতদিন দেহে রহে প্রাণ।",,,,
অন্ত কোথা তাঁর অন্ত কোথা তাঁর এই সবে সদা জিজ্ঞাসে,"‘অন্ত কোথা তাঁর, অন্ত কোথা তাঁর, এই সবে সদা জিজ্ঞাসে।’",,,,
কি সুখ জীবনে মম ওহে নাথ দয়াময় হে,"কি সুখ জীবনে মম ওহে নাথ দয়াময় হে,",,,,
গান আয় মন বেড়াতে যাবি,গান - আয় মন বেড়াতে যাবি।,,,,
আমায় ধর নিতাই,আমায় ধর নিতাই,,,,
কে রে নিবিড় নীল কাদম্বিনী সুরসমাজে,কে রে নিবিড় নীল কাদম্বিনী সুরসমাজে।,,,,
মনেরি বাসনা শ্যামা শবাসনা শোন মা বলি,"মনেরি বাসনা শ্যামা শবাসনা শোন মা বলি,",,,,
তোমারি করুণায় মা সকলি হইতে পারে,তোমারি করুণায় মা সকলি হইতে পারে।,,,,
শ্যামনামে প্রাণ পেয়ে ইতি উতি চায়,"শ্যামনামে প্রাণ পেয়ে ইতি উতি চায়,",,,,
নলিনীদলগতজলমতিতরলম্ তদ্বজ্জীবনমতিশয়চপলম্,নলিনীদলগতজলমতিতরলম্‌ তদ্বজ্জীবনমতিশয়চপলম্‌,,,,
কাহে সই জিয়ত মরত কি বিধান,"কাহে সই, জিয়ত মরত কি বিধান!",,,,
তুমি আমার আমার বঁধু কি বলি,"তুমি আমার, আমার বঁধু, কি বলি (কি বলি তোমায় বলি নাথ)।",,,,
প্রাগ্ দেহস্থো যদাসং তব চরণযুগং নাশ্রিতো নার্চিতোঽহং,"প্রাগ্‌দেহস্থো যদাসং তব চরণযুগং নাশ্রিতো নার্চিতোঽহং,",,,,
ওই আসছে কিশোরী ওই দেখ এলো,"ওই আসছে কিশোরী, ওই দেখ এলো",,,,
হরি খেলব আজ তোমার সনে,"‘হরি খেলব আজ তোমার সনে,",,,,
আমার পাগল বাবা পাগলী আমার মা,"আমার পাগল বাবা, পাগলী আমার মা।",,,,
ওঁ মনোবুদ্ধ্যহঙ্কারচিত্তানি নাহং ন চ শ্রোত্রজিহ্বে ন চ ঘ্রাণনেত্রে,ওঁ মনোবুদ্ধ্যহঙ্কারচিত্তানি নাহং ন চ শ্রোত্রজিহ্বে ন চ ঘ্রাণনেত্রে।,,,,
বেদান্তবাক্যেষু সদা রমন্তো ভিক্ষান্নমাত্রেণ চ তুষ্টিমন্তঃ,"বেদান্তবাক্যেষু সদা রমন্তো, ভিক্ষান্নমাত্রেণ চ তুষ্টিমন্তঃ।",,,,
দেহাদিভাবং পরিবর্তয়ন্তঃ স্বাত্মানমাত্মন্যবলোকয়ন্তঃ,"দেহাদিভাবং পরিবর্তয়ন্তঃ, স্বাত্মানমাত্মন্যবলোকয়ন্তঃ।",,,,
পরিপূর্ণমানন্দম্,পরিপূর্ণমানন্দম্‌।,,,,
সর্বং বস্তু ভয়ান্বিতং ভুবি নৃণাং বৈরাগ্যমেবাভয়ম্,‘সর্বং বস্তু ভয়ান্বিতং ভুবি নৃণাং বৈরাগ্যমেবাভয়ম্‌।’,,,,
যং লব্ ধ্বা চাপরং লাভং মন্যতে নাধিকং ততঃ,যং লব্‌ধ্বা চাপরং লাভং মন্যতে নাধিকং ততঃ।,,,,
কর্মণৈব হি সংসিদ্ধিমাস্থিতা জনকাদয়ঃ,কর্মণৈব হি সংসিদ্ধিমাস্থিতা জনকাদয়ঃ।,,,,
যদা যদা হি ধর্মস্য গ্লানির্ভবতি ভারত,যদা যদা হি ধর্মস্য গ্লানির্ভবতি ভারত।,,,,
খণ্ডন ভব বন্ধন জগ বন্দন বন্দি তোমায়,"খণ্ডন ভব-বন্ধন, জগ-বন্দন বন্দি তোমায়।",,,,
আচণ্ডালাপ্রতিহতরয়ো যস্য প্রেমপ্রবাহো,আচণ্ডালাপ্রতিহতরয়ো যস্য প্রেমপ্রবাহো,,,,
ওঁ হ্রীং ঋতং ত্বমচলো গুণজিৎ গুণেড্যো,ওঁ হ্রীং ঋতং ত্বমচলো গুণজিৎ গুণেড্যো।,,,,
ওঁ স্থাপকায় চ ধর্মস্য সর্বধর্মস্বরূপিণে,ওঁ স্থাপকায় চ ধর্মস্য সর্বধর্মস্বরূপিণে।,,,,
হরিনাম নিসে রে জীব যদি সুখে থাকবি,হরিনাম নিসে রে জীব যদি সুখে থাকবি।,,,,
হৃদয় পরশমনী আমার,হৃদয় পরশমনী আমার —,,,,
জয় জয় আনন্দময়ী ব্রহ্মরূপিণী,জয় জয় আনন্দময়ী ব্রহ্মরূপিণী।,,,,
তাথৈয়া তাথৈয়া নাচে ভোলা বববম্ বাজে গাল,"তাথৈয়া তাথৈয়া নাচে ভোলা, বববম্‌, বাজে গাল।",,,,
শিব শঙ্কর বম্ বম্ কৈলাসপতি মহারাজরাজ,"শিব শঙ্কর বম্‌ বম্‌ (ভোলা), কৈলাসপতি মহারাজরাজ!",,,,
মন চল নিজ নিকেতনে,মন চল নিজ নিকেতনে।,,,,
জয় শিব ওঁকার ভজ শিব ওঁকার,"জয় শিব ওঁকার, ভজ শিব ওঁকার।",,,,
ঈশ্বরঃ সর্বভূতানাং হৃদ্দেশেঽর্জুন তিষ্ঠতি,ঈশ্বরঃ সর্বভূতানাং হৃদ্দেশেঽর্জুন তিষ্ঠতি।,Ramprasad Sen,,,
ব্রহ্মানন্দং পরমসুখদং কেবলং জ্ঞানমূর্তিং,ব্রহ্মানন্দং পরমসুখদং কেবলং জ্ঞানমূর্তিং।,,,,
ন গুরোরধিকং ন গুরোরধিকং শিবশাসনতঃ শিবশাসনতঃ,ন গুরোরধিকং ন গুরোরধিকং। শিবশাসনতঃ শিবশাসনতঃ ॥,,,,
পৃথ্বীর ধূলিতে দেব মোদের জনম,"পৃথ্বীর ধূলিতে দেব মোদের জনম,",,,,
প্রভু ম্যয় গোলাম ম্যয় গোলাম ম্যয় গোলাম তেরা,"প্রভু ম্যয় গোলাম, ম্যয় গোলাম, ম্যয় গোলাম তেরা।",,,,
যত্তে দক্ষিনং মুখং তেন মাং পাহি নিত্যম্,‘যত্তে দক্ষিনং মুখং তেন মাং পাহি নিত্যম্‌ —’,,,,
নামেরই ভরসা কেবল শ্যামা গো তোমার,নামেরই ভরসা কেবল শ্যামা গো তোমার।,,,,
আমরা যে শিশু অতি অতি ক্ষুদ্র মন,"আমরা যে শিশু অতি, অতি ক্ষুদ্র মন।",,,,
মোকো কাঁহা ঢুঁঢ়ো বন্দে ম্যয়তো তেরে পাশ মো,মোকো কাঁহা ঢুঁঢ়ো বন্দে ম্যয়তো তেরে পাশ মো।,,,,
জয় দেব জয় দেব জয় মঙ্গলদাতা জয় জয় মঙ্গলদাতা,"জয় দেব জয় দেব জয় মঙ্গলদাতা, জয় জয় মঙ্গলদাতা।",,,,
পীলেরে অবধূত হো মাতবারা প্যালা প্রেম হরিরস কা রে,"পীলেরে অবধূত হো মাতবারা, প্যালা প্রেম হরিরস কা রে।",,,,
বাল্যে দুঃখাতিরেকো মললুলিতবপুঃ স্তন্যপানে পিপাসা,"বাল্যে দুঃখাতিরেকো মললুলিতবপুঃ স্তন্যপানে পিপাসা,",,,,
অমেধ্যপূর্ণে কৃমিজালসঙ্কুলে স্বভাবদুর্গন্ধে নিরন্তকান্তরে,অমেধ্যপূর্ণে কৃমিজালসঙ্কুলে স্বভাবদুর্গন্ধে নিরন্তকান্তরে।,,,,
ওঁকারমূলং পরমং পদান্তরং গায়ত্রীসাবিত্রীসুভাষিতান্তরং,ওঁকারমূলং পরমং পদান্তরং গায়ত্রীসাবিত্রীসুভাষিতান্তরং।,,,,
ছাড় মোহ ছাড়রে কুমন্ত্রণা জান তাঁরে তবে যাবে যন্ত্রণা,"ছাড় মোহ — ছাড়রে কুমন্ত্রণা, জান তাঁরে তবে যাবে যন্ত্রণা ॥",,,,
ওমিতি জ্ঞানরূপেণ রাগাজীর্ণেন জীর্যতঃ,ওমিতি জ্ঞানরূপেণ রাগাজীর্ণেন জীর্যতঃ।,,,,
