group,problem,problem_en,kind,headline_bn,headline_en,ref,date,chapter,has_english,bengali_start
mind,দুঃখ ও শোক,Grief and loss,saying,শোক হবে না? আপনার সন্তান!,Of course you grieve — he was your own child,12_r_divine_form_170_172#p24,"১৮৮৩, ৮ই এপ্রিল",12.18,yes,"“তা শোক হবে না গা? আত্মজ! রাবণ বধ হল; লক্ষণ দৌড়িয়ে গিয়ে দেখলেন। দেখেন যে, হাড়ের ভিতর এমন জায়গা নাই — যেখানে ছিদ্র নাই। তখন বললেন, রাম! "
mind,দুঃখ ও শোক,Grief and loss,saying,বশিষ্ঠদেবেরও পুত্রশোক হয়েছিল,Even the sage Vashishtha wept for his son,42_e_dakshineshwar_756_758#p27,"১৮৮৫, ৭ই মার্চ",42.5,yes,"“বড় কঠিন পথ, একটু তাঁকে জানলে কি হবে! বশিষ্ঠদেব, তাঁরই পুত্রশোক হল! লক্ষ্মণ দেখে অবাক্‌ হয়ে রামকে জিজ্ঞাসা করলেন। রাম বললেন, ভাই, এ আর আশ্"
mind,দুঃখ ও শোক,Grief and loss,saying,চাষার স্বপ্ন — কার জন্য কাঁদব?,The farmer's dream: whom should I weep for?,37_f_maya_691_693#p5,"১৮৮৪, ২৬শে অক্টোবর",37.6,yes,"“এক দেশে একটি চাষা থাকে। ভারী জ্ঞানী। চাষবাস করে — পরিবার আছে, একটি ছেলে অনেকদিন পরে হয়েছে; নাম হারু। ছেলেটির উপর বাপ-মা দুজনেরই ভালবাসা; ক"
mind,দুঃখ ও শোক,Grief and loss,saying,"যে জলে উৎপত্তি, সেই জলেই লয়",The bubble merges back into the water it came from,48_b_sriramakrishnaradhika_843_846#p35,"১৮৮৫, ১৩ই জুন",48.2,yes,"“কৈলাসে শিব বসে আছেন, নন্দী কাছে আছেন। এমন সময় একটা ভারী শব্দ হল। নন্দী জিজ্ঞাসা করলে, ঠাকুর! এ কিসের শব্দ হল? শিব বললেন, ‘রাবণ জন্মগ্রহণ ক"
mind,দুঃখ ও শোক,Grief and loss,saying,"তিনি কখনও সুখে রাখেন, কখনও দুঃখে","Sometimes He keeps us happy, sometimes in sorrow",20_o_with_narendra_395_397#p6,"১৮৮৪, ২রা মার্চ",20.15,yes,"শ্রীরামকৃষ্ণ (ত্রৈলোক্য ও ভক্তদের প্রতি) — দেহের সুখ-দুঃখ আছেই। দেখ না, নরেন্দ্র — বাপ মারা গেছে, বাড়িতে বড় কষ্ট; কোন উপায় হচ্ছে না। তিনি"
mind,দুঃখ ও শোক,Grief and loss,saying,ভীষ্মের চোখের জল — ঈশ্বরের কাজ বোঝা যায় না,Bhishma's tears: God's ways can't be understood,20_o_with_narendra_395_397#p16,"১৮৮৪, ২রা মার্চ",20.15,yes,"“ঈশ্বরের কার্য কিছু বুঝা যায় না। ভীষ্মদেব শরশয্যায় শুয়ে; পাণ্ডবেরা দেখতে এসেছেন। সঙ্গে কৃষ্ণ। এসে খানিকক্ষণ পরে দেখেন, ভীষমদেব কাঁদছেন। প"
mind,দুঃখ ও শোক,Grief and loss,song,"দেখিলে তোমার সেই অতুল প্রেম-আননে,",,,,,,
mind,দুঃখ ও শোক,Grief and loss,song,"কর তাঁর নাম গান, যতদিন দেহে রহে প্রাণ।",,,,,,
mind,মৃত্যুভয়,Fear of death,saying,দেহের মৃত্যুর পর হয়তো ভাল জায়গায় নিয়ে যাচ্ছেন,"After death, perhaps He takes us somewhere better",16_b_at_dakshineshwar_229_231#p10,"১৮৮৩, জুন",16.2,yes,"“যতক্ষণ দেহবুদ্ধি ততক্ষণই সুখ-দুঃখ, জন্মমৃত্যু, রোগশোক। দেহেরই এই সব, আত্মার নয়। দেহের মৃত্যুর পর তিনি হয়তো ভাল জায়গায় নিয়ে যাচ্ছেন — য"
mind,মৃত্যুভয়,Fear of death,saying,"দেহ এসেছে, যাবে — আত্মার মৃত্যু নাই",The body came and will go; the soul does not die,17_f_samadhi_303_304#p24,"১৮৮৩, ২৮শে নভেম্বর",17.6,yes,"“দেহ আর আত্মা। দেহ হয়েছে আবার যাবে! আত্মার মৃত্যু নাই। যেমন সুপারি; পাকা সুপারি ছাল থেকে আলাদা হয়ে থাকে, কাঁচা বেলায় ফল আলাদা আর ছাল আলাদ"
mind,মৃত্যুভয়,Fear of death,saying,দেহমাত্র বিনাশ হল — আত্মার মৃত্যু নাই,Only the body perishes; the soul does not die,12_b_atdakshineshwar_142_145#p27,"১৮৮৩, ৯ই মার্চ",12.2,yes,"“আবার এমন অবস্থা হয় যে, দেখি সর্বভূতে ঈশ্বর, পিঁপড়েতেও তিনি। এ-অবস্থায় হঠাৎ কোন প্রাণী মরলে এই সান্ত্বনা হয় যে, তার দেহমাত্র বিনাশ হল। আ"
mind,মৃত্যুভয়,Fear of death,saying,বিড়ালে ধরলে পাখি নিজের বুলিই বলে,Practise His name now; it will come at the end,16_zg_with_devotees_293_294#p10,"১৮৮৩, ১৬ই অক্টোবর",16.33,yes,"“ঈশ্বরের নামে মানুষ পবিত্র হয়। তাই নামকীর্তন অভ্যাস করতে হয়। আমি যদু মল্লিকের মাকে বলেছিলাম, যখন মৃত্যু আসবে তখন সেই সংসার চিন্তাই আসবে। প"
mind,মৃত্যুভয়,Fear of death,saying,বেঁচে থাকলে আরও লীলা দেখব — নিকষার সাধ,Nikasha's wish to live: to see more of God's play,20_n_at_dakshineshwar_391_395#p44,"১৮৮৪, ২রা মার্চ",20.14,yes,"“বাঁচবার ইচ্ছা কেন? রাবণ বধের পর রাম লক্ষ্মণ লঙ্কায় প্রবেশ করলেন, রাবণের বাটীতে গিয়ে দেখেন, রাবণের মা নিকষা পালিয়ে যাচ্ছে। লক্ষ্মণ আশ্চর্"
mind,মৃত্যুভয়,Fear of death,song,অভয় পদে প্রাণ সঁপেছি ৷,,,,,,
mind,মৃত্যুভয়,Fear of death,song,জয় কালী জয় কালী বলে যদি আমার প্রাণ যায়।,,,,,,
mind,ভয় ও দুশ্চিন্তা,Fear and anxiety,saying,"ঈশ্বর যাকে ধরে আছেন, তার ভয় নাই",Whom the Lord holds by the hand need not fear,37_k_jnanayoga_701_703#p23,"১৮৮৪, ৯ই নভেম্বর",37.11,yes,“ঈশ্বর যাদের ধরে আছেন তাদের কোন ভয় নাই। মাঠের আলের উপর চলতে চলতে যে ছেলে বাপকে ধরে থাকে সে পড়লেও পড়তে পারে — যদি অন্যমনস্ক হয়ে হাত ছেড়ে
mind,ভয় ও দুশ্চিন্তা,Fear and anxiety,saying,"আমার মা আছে, আমার ভাবনা কি?",I have a mother — why should I worry?,16_zb_at_dakshineshwar_279_282#p32,"১৮৮৩, ২৬শে সেপ্টম্বর",16.28,yes,"ঠাকুর — তাঁকে কে জানবে? আমি জানবার চেষ্টাও করি না! আমি কেবল মা বলে ডাকি! মা যা করেন। তাঁর ইচ্ছা হয় জানাবেন, না ইচ্ছা হয়, নাই বা জানাবেন। আ"
mind,ভয় ও দুশ্চিন্তা,Fear and anxiety,saying,"তাঁকে আমমোক্তারি দাও, নিশ্চিন্ত হও",Give God your power of attorney and be at peace,36_e_powerofattorney_662_663#p5,"১৮৮৪, ১৯শে অক্টোবর",36.5,yes,"শ্রীরামকৃষ্ণ (সদরওয়ালার প্রতি) — আচ্ছা তাঁকে আমমোক্তারী দাও। ভাল লোকের উপর যদি কেউ ভার দেয়, সে লোক কি আর মন্দ করে? তাঁর উপর আন্তরিক সব ভার"
mind,ভয় ও দুশ্চিন্তা,Fear and anxiety,saying,খুঁটি ধরে ঘুরলে আর ভয় নাই,"Hold on to the post as you spin, and you won't fall",56_c_manomohan_1105_1107#p7,"১৮৮১, ৩রা ডিসেম্বর",56.3,yes,শ্রীরামকৃষ্ণ (ভক্তদের প্রতি) — সংসারের কর্ম বড় কঠিন; বনবন করে ঘুরলে মাথা ঘুরে যেমন অজ্ঞান হয়ে পড়ে। তবে খুঁটি ধরে ঘুরলে আর ভয় নাই। কর্ম ক
mind,ভয় ও দুশ্চিন্তা,Fear and anxiety,saying,ঝড়ের এঁটো পাতার মতো থাকো,Live like a leaf carried by the storm,37_d_sannyasi_and_householder_685_688#p15,"১৮৮৪, ২৬শে অক্টোবর",37.4,yes,"“আর সংসারে থাকো ঝড়ের এঁটো পাত হয়ে। ঝড়ের এঁটো পাতাকে কখনও ঘরের ভিতরে লয়ে যায়, কখনও আঁস্তাকুড়ে। হাওয়া যেদিকে যায়, পাতাও সেইদিকে যায়। "
mind,ভয় ও দুশ্চিন্তা,Fear and anxiety,saying,"যিনি সৃষ্টি করেছেন, তিনিই খেতে দেবেন",He who made me will feed me,28_e_chaitanyadeb_531_533#p16,"১৮৮৪, ৭ই সেপ্টেম্বর",28.5,yes,“একটি ছোকরা সন্ন্যাসী গৃহস্থবাড়ি ভিক্ষা করতে গিছিল। সে আজন্ম সন্ন্যাসী। সংসারের বিষয় কিছু জানে না। গৃহস্থের একটি যুবতী মেয়ে এসে ভিক্ষা দি
mind,ভয় ও দুশ্চিন্তা,Fear and anxiety,saying,"তাঁর নাম করে বেরিয়েছি, আবার বিপদ!",I set out in God's name — what harm can come?,14_d_with_manilal_b_200_202#p11,"১৮৮৩, ৪ঠা জুন",14.4,yes,"“শম্ভু মল্লিক বাগবাজার থেকে হেঁটে নিজের বাগানে আসত। কেউ বলেছিল, ‘অত রাস্তা, কেন গাড়ি করে আস না, বিপদ হতে পারে।’ তখন শম্ভু মুখ লাল করে বলে উ"
mind,ভয় ও দুশ্চিন্তা,Fear and anxiety,song,"কেন রে মন ভাবিস এত দীন হীন কাঙালের মতো,",,,,,,
mind,ভয় ও দুশ্চিন্তা,Fear and anxiety,song,কি ভয় সংসার শোক ঘোর বিপদ শাসনে।,,,,,,
mind,রাগ,Anger,saying,কামনায় বাধা পড়লেই রাগ,Anger comes when a desire is blocked,14_l_at_dakshineshwar_215_217#p21,"১৮৮৩, ১৫ই জুন",14.12,yes,"“সংসারে শুধু যে কামের ভয়, তা নয়। আবার ক্রোধ আছে। কামনার পথে কাঁটা পড়লেই ক্রোধ।”"
mind,রাগ,Anger,saying,ক্রোধে দিক-বিদিক জ্ঞান থাকে না,In anger we lose all sense of right and wrong,52_g_yugadharma_927_933#p36,"১৮৮৫, ২২শে অক্টোবর",52.7,yes,"“পুরাণে আছে রাবণের রজোগুণ, কুম্ভকর্ণের তমোগুণ, বিভীষণের সত্ত্বগুণ। তাই বিভীষণ রামচন্দ্রকে লাভ করেছিলেন। তমোগুণের আর একটি লক্ষণ — ক্রোধ। ক্রো"
mind,রাগ,Anger,saying,ছোবল সামলাতে বিচার আনতে হয়,"When someone strikes, think before you hit back",30_b_vijayagoswami_578_580#p9,"১৮৮৪, ২৬শে সেপ্টেম্বর",30.2,yes,"“কেউ কেউ সাপের স্বভাব। তুমি জান না, তোমায় ছোবল দেবে। ছোবল সামলাতে অনেক বিচার আনতে হয়। তা না হলে হয়তো তোমার এমন রাগ হয়ে গেল যে, তার আবার "
mind,রাগ,Anger,saying,"ফোঁস করবে, বিষ ঢালবে না","Hiss if you must, but never pour out venom",14_l_at_dakshineshwar_215_217#p23,"১৮৮৩, ১৫ই জুন",14.12,yes,"শ্রীরামকৃষ্ণ — কেন! একবার মারলেই বা, তাতে দোষ কি? সংসারী ফোঁস করবে! বিষ ঢালা উচিত নয়। কাজে কারু অনিষ্ট যেন না করে। কিন্তু শত্রুদের হাত থেকে"
mind,রাগ,Anger,saying,তোমার রাগও অনিত্য,"Your anger, too, will pass",47_a_atramshome_833_837#p42,"১৮৮৫, ২৩শে মে",47.1,yes,"“সম্মুখে সমুদ্র দেখে লক্ষ্মণ ধনুর্বাণ হাতে করে ক্রুদ্ধ হয়ে বলেছিলেন, আমি বরুণকে বধ করব, এই সমুদ্র আমাদের লঙ্কায় যেতে দিচ্ছে না; রাম বুঝালে"
mind,রাগ,Anger,saying,একেবারে যাবে না — কমাবার চেষ্টা কর,It won't vanish entirely — keep reducing it,12_a_atdakshineshwar_140_142#p37,"১৮৮৩, ২৫শে ফেব্রুয়ারি",12.1,yes,“একটু কাম-ক্রোধাদি না থাকলে শরীর থাকে না। তাই তোমরা কেবল কমাবার চেষ্টা করবে।”
mind,রাগ,Anger,saying,অনুরাগ-বাঘ কাম-ক্রোধ খেয়ে ফেলে,The tiger of love devours lust and anger,12_q_ramlals_songs_168_170#p10,"১৮৮৩, ৮ই এপ্রিল",12.17,yes,"শ্রীরামকৃষ্ণ (ভক্তদের প্রতি) — বাঘ যেমন কপকপ করে জানোয়ার খেয়ে ফেলে, তেমনি “অনুরাগ বাঘ” কাম ক্রোধ এই সব রিপুদের খেয়ে ফেলে। ঈশ্বরে একবার অন"
mind,হিংসা ও ঈর্ষা,Jealousy,saying,‘আর সব বোকা’ — এ বুদ্ধি করো না,Don't think you alone are wise; love everyone,29_b_occultpower_564_565#p12,"১৮৮৪, ২১শে সেপ্টেম্বর",29.2,yes,"“হাজরাকে তাই বলি, আমি বুঝেছি, আর সব বোকা — এ-বুদ্ধি করো না। সকলকে ভালবাসতে হয়। কেউ পর নয়। সর্বভূতেই সেই হরিই আছেন। তিনি ছাড়া কিছুই নাই। প"
mind,হিংসা ও ঈর্ষা,Jealousy,saying,যার যা পেটে সয় — মা কাউকে কম ভালবাসেন না,Each child gets what suits it — and none is loved less,58_d_godorscience_1121_1123#p13,"১৮৮৪, ৬ই ডিসেম্বর",58.4,yes,শ্রীরামকৃষ্ণ — কেন গো! যার যা পেটে সয়। সকলে কি পলুয়া-কালিয়া খেলে হজম করতে পারে? বাড়িতে মাছ এলে মা সব ছেলেকে পমুয়া-কালিয়া দেন না। যে দু
mind,হিংসা ও ঈর্ষা,Jealousy,saying,"সকলকে ভালবাসবে, বিদ্বেষ রাখবে না",Love everyone and hold no grudge,36_i_kali_brahma_668_671#p30,"১৮৮৪, ১৯শে অক্টোবর",36.9,yes,"“যখন বাহিরে লোকের সঙ্গে মিশবে, তখন সকলেকে ভালবাসবে, মিশে যেন এক হয়ে যাবে — বিদ্বেষভাব আর রাখবে না। ‘ও-ব্যক্তি সাকার মানে, নিরাকার মানে না; "
mind,হিংসা ও ঈর্ষা,Jealousy,saying,পূজার কাজে মন দিলে হিংসা চলে যায়,"Keep your hands busy in worship, and spite and envy fall away",20_za_with_hari_430_433#p32,"১৮৮৪, ২৪শে মে",20.27,yes,"শ্রীরামকৃষ্ণ — (বধূদিগের প্রতি) — দেখ তোমরা শিবপূজা করো। কি করে করতে হয় ‘নিত্যকর্ম’ বলে বই আছে, সেই বই পড়ে দেখে লবে। ঠাকুর পূজা করতে হলে ঠ"
mind,হিংসা ও ঈর্ষা,Jealousy,saying,যেন কারু নিন্দা না করি,Pray that you find fault with no one,28_o_hazra_557_559#p14,"১৮৮৪, ১৯শে সেপ্টেম্বর",28.15,yes,"“কারু নিন্দা করো না — পোকাটিরও না। তুমি নিজেই তো বল, লোমস মুনির কথা। যেমন ভক্তি প্রার্থনা করবে তেমনি ওটাও বলবে — ‘যেন কারু নিন্দা না করি’।”"
mind,একাকীত্ব,Loneliness,saying,"ঈশ্বর আমাদের আপনার লোক, পর নন","God is our very own, not a stranger",23_e_pilgrimage_471_473#p24,"১৮৮৪, ২৫শে জুন",23.5,yes,"শ্রীরামকৃষ্ণ — তাঁকে কি দয়াময় বলতে বারণ করছি? আমার বলবার মানে এই যে ঈশ্বর আমাদের আপনার লোক, পর নন।"
mind,একাকীত্ব,Loneliness,saying,"তিনি ধর্ম-মা নন, আপনারই মা",She is not a stepmother — She is your own Mother,36_e_powerofattorney_662_663#p27,"১৮৮৪, ১৯শে অক্টোবর",36.5,yes,শ্রীরামকৃষ্ণ — মার কাছে ব্যাকুল হয়ে ডাকো। তাঁর দর্শন হলে বিষয়রস শুকিয়ে যাবে; কামিনী-কাঞ্চনে আসক্তি সব দূরে চলে যাবে। আপনার মা বোধ থাকলে এ
mind,একাকীত্ব,Loneliness,saying,ভক্ত তাঁর আত্মীয় — তিনি টেনে নেবেন,His devotees are His own; He will draw them to Him,28_q_shambhumallick_561_562#p8,"১৮৮৪, ১৯শে সেপ্টেম্বর",28.17,yes,"“তাঁর ভক্তের ভয় নাই। ভক্ত তাঁর আত্মীয়। তিনি তাদের টেনে নেবেন। দুর্যোধনেরা গন্ধর্বের কাছে বন্দী হলে যুধিষ্ঠিরই উদ্ধার করলেন। বললেন, আত্মীয়"
mind,একাকীত্ব,Loneliness,saying,তাঁকে না পেলে মনে হয় পরের ছেলে,"Until we know Him, we feel like someone else's child",48_d_selfishness_848_854#p27,"১৮৮৫, ১৩ই জুন",48.4,yes,"শ্রীরামকৃষ্ণ — তবে কি দয়াময় বলবে না? যতক্ষণ সাধনার অবস্থা, ততক্ষণ বলবে। তাঁকে লাভ হলে তবে ঠিক আপনার বাপ কি আপনার মা বলে বোধ হয়। যতক্ষণ না"
mind,একাকীত্ব,Loneliness,saying,মন একলা থাকলে শুকিয়ে যায় — সাধুসঙ্গ চাই,"Left alone, the mind dries up: seek holy company",57_a_ramkeshabnarendra_1112_1114#p13,"১৮৮২, ১লা জানুয়ারি",57.1,no,"“মন নিজের কাছে এলে তবে সাধন-ভজন হবে। সর্বদাই গুরুর সঙ্গ, গুরুসেবা, সাধুসঙ্গ প্রয়োজন। হয় নির্জনে রাতদিন তাঁর চিন্তা, নয় সাধুসঙ্গ। মন একলা "
mind,একাকীত্ব,Loneliness,saying,একলা থাকলে ভক্তিশাস্ত্র পড়বে,"When you are alone, read the devotional books",16_r_at_dakshineswar_256_259#p32,"১৮৮৩, ২০শে অগস্ট",16.18,yes,“তুমি এ-ও কর — ও-ও কর। ঈশ্বরের পাদপদ্মে মন রেখে সংসারের কাজ কর। আর যখন একলা থাকবে তখন পড়বে ভক্তিশাস্ত্র — শ্রীমদ্ভাগবত বা চৈতন্যচরিতামৃত — 
mind,একাকীত্ব,Loneliness,song,তুমি সর্বস্ব আমার (হে নাথ) প্রাণাধার সারাৎসার।,,,,,,
mind,একাকীত্ব,Loneliness,song,দয়াঘন তোমা হেন কে হিতকারী!,,,,,,
mind,হতাশা ও নিরাশা,Hopelessness,saying,উপায় থাকবে না কেন?,Why should there be no way out?,48_d_selfishness_848_854#p43,"১৮৮৫, ১৩ই জুন",48.4,yes,"“আমি বলি, উপায় থাকবে না কেন? তাঁর শরণাগত হও, আর ব্যাকুল হয়ে প্রার্থনা কর, যাতে অনুকূল হাওয়া বয়, — যাতে শুভযোগ ঘটে। ব্যাকুল হয়ে ডাকলে তি"
mind,হতাশা ও নিরাশা,Hopelessness,saying,‘আমার হবে না’ বললে হয় না,"Say 'it won't happen for me', and it won't",41_c_atstartheater_744_747#p57,"১৮৮৫, ২৫শে ফেব্রুয়ারি",41.3,yes,"“যে বলে আমার হবে না, তার হয় না। মুক্ত-অভিমানী মুক্তই হয়, আর বদ্ধ-অভিমানী বদ্ধই হয়। যে জোর করে বলে আমি মুক্ত হয়েছি, সে মুক্তই হয়। যে রাত"
mind,হতাশা ও নিরাশা,Hopelessness,saying,তাঁর কৃপায় অসম্ভবও সম্ভব হয়,By His grace even the impossible becomes possible,56_c_manomohan_1105_1107#p18,"১৮৮১, ৩রা ডিসেম্বর",56.3,yes,"“যদি বল এটি অতি কঠিন। কঠিন হলেও ভগবানের কৃপায় কিনা হয়। অসম্ভবও সম্ভব হয়। হাজার বছরের অন্ধকার ঘরে যদি আলো আসে, সে কি একটু একটু করে আসবে? এ"
mind,হতাশা ও নিরাশা,Hopelessness,saying,ঝড়-তুফানে মাঝি হাল ধরে থাকে,"In the storm, the boatman holds the rudder",05_b_lustandgold_60_62#p12,"১৮৮২, ২৪শে অগস্ট",5.2,yes,"শ্রীরামকৃষ্ণ — না, প্রথমটা একটু উঠে পড়ে লাগতে হয়। তারপর আর বেশি পরিশ্রম করতে হবে না। যতক্ষণ ঢেউ, ঝড়, তুফান আর বাঁকের কাছ দিয়ে যেতে হয়, "
mind,হতাশা ও নিরাশা,Hopelessness,saying,সময় হলেই পাখি ডিম ফোটায়,The mother bird breaks the shell at the right time,19_d_yoga_356_357#p14,"১৮৮৩, ২৪শে ডিসেম্বর",19.4,yes,"“কি জান, ডিমের ভিতর ছানা বড় না হলে পাখি ঠোকরায় না। সময় হলেই পাখি ডিম ফুটোয়।"
mind,হতাশা ও নিরাশা,Hopelessness,saying,"খানদানি চাষা ফসল হোক না হোক, চাষ করে","The born farmer keeps sowing, crop or no crop",37_k_jnanayoga_701_703#p21,"১৮৮৪, ৯ই নভেম্বর",37.11,yes,"“যাদের রাগভক্তি তারা এমন কথা বলে না, ‘ভাই, কত হবিষ্য করলুম — কিন্তু কি হল!’ যারা নূতন চাষ করে তাদের যদি ফসল না হয়, জমি ছেড়ে দেয়। খানদানি "
mind,হতাশা ও নিরাশা,Hopelessness,song,তোমারি করুণায় মা সকলি হইতে পারে।,,,,,,
mind,হতাশা ও নিরাশা,Hopelessness,song,নামেরই ভরসা কেবল শ্যামা গো তোমার।,,,,,,
mind,অস্থির মন,A restless mind,saying,সংসার-হাওয়ায় মনের দীপ কাঁপে,The wind of the world makes the mind's flame flicker,05_b_lustandgold_60_62#p18,"১৮৮২, ২৪শে অগস্ট",5.2,yes,“মন স্থির না হলে যোগ হয় না। সংসার-হাওয়া মনরূপ দীপকে সর্বদা চঞ্চল করছে। ওই দীপটা যদি আদপে না নড়ে তাহলে ঠিক যোগের অবস্থা হয়ে যায়।
mind,অস্থির মন,A restless mind,saying,"মন যে রঙে ছোপাবে, সেই রঙে ছুপবে",The mind takes whatever colour you dip it in,06_e_purposeofcreation_86_87#p20,"১৮৮২, ২৭শে অক্টোবর",6.5,yes,"“মন নিয়ে কথা। মনেতেই বদ্ধ, মনেতেই মুক্ত। মন যে-রঙে ছোপাবে সেই রঙে ছুপবে। যেমন ধোপাঘরের কাপড়। লালে ছোপাও লাল, নীলে ছোপাও নীল, সবুজ রঙে ছোপা"
mind,অস্থির মন,A restless mind,saying,অভ্যাস কর,"Practise, and the mind goes where you take it",28_m_ramakrishna_radhika_551_555#p59,"১৮৮৪, ১৯শে সেপ্টেম্বর",28.13,yes,"শ্রীরামকৃষ্ণ — সে কি! অভ্যাস যোগ। অভ্যাস কর, দেখবে মনকে যেদিকে নিয়ে যাবে, সেইদিকেই যাবে।"
mind,অস্থির মন,A restless mind,saying,রোজ তাঁকে ডাকো — একদিনে হয় না,Call on Him daily; it doesn't come in a day,41_b_calmnessofgirish_742_744#p28,"১৮৮৫, ২৫শে ফেব্রুয়ারি",41.2,yes,শ্রীরামকৃষ্ণ — অভ্যাসযোগ! রোজ তাঁকে ডাকা অভ্যাস করতে হয়। একদিনে হয় না; রোজ ডাকতে ডাকতে ব্যাকুলতা আসে।
mind,অস্থির মন,A restless mind,saying,মাঝে মাঝে নির্জনে যেতে হয়,Go into solitude now and then,02_e_wayofdevotion_19_21#p7,১৮৮২ মার্চ,2.5,yes,"শ্রীরামকৃষ্ণ — ঈশ্বরের নামগুণগান সর্বদা করতে হয়। আর সৎসঙ্গ — ঈশ্বরের ভক্ত বা সাধু, এঁদের কাছে মাঝে মাঝে যেতে হয়। সংসারের ভিতর ও বিষয়কাজের"
mind,অস্থির মন,A restless mind,saying,নির্জনে দই পাততে হয়,Curd must be set in a quiet place,02_e_wayofdevotion_19_21#p17,১৮৮২ মার্চ,2.5,yes,"“কিন্তু এই ভক্তিলাভ করতে হলে নির্জন হওয়া চাই। মাখন তুলতে গেলে নির্জনে দই পাততে হয়। দইকে নাড়ানাড়ি করলে দই বসে না। তারপর নির্জনে বসে, সব ক"
mind,অস্থির মন,A restless mind,saying,"একঘেয়ে নয় — কখন জপ, কখন ধ্যান, কখন গান","Vary your practice, like fish cooked many ways",52_h_aboutavatars_933_937#p50,"১৮৮৫, ২২শে অক্টোবর",52.8,yes,"শ্রীরামকৃষ্ণ — সে কি কথা! আমি একঘেয়ে কেন হব? আমি পাঁচরকম করে মাছ খাই। কখন ঝোলে, কখন ঝালে অম্বলে, কখন বা ভাজায়। আমি কখন পূজা, কখন জপ, কখন ব"
mind,অস্থির মন,A restless mind,song,ডুব দে মন কালী বলে। হৃদি-রত্নাকরের অগাধ জলে।,,,,,,
mind,অস্থির মন,A restless mind,song,মন রে কৃষি কাজ জানো না।,,,,,,
character,অহংকার,Ego and pride,saying,বাছুরের ‘হাম্বা’ — ‘আমি আমি’ ছেড়ে ‘তুমি তুমি’ বললে নিস্তার,"The calf cries 'I, I' and suffers — peace comes with 'Thou, Thou'",36_h_vijay_667_668#p6,"১৮৮৪, ১৯শে অক্টোবর",36.8,yes,"“যতক্ষণ অহংকার থাকে, ততক্ষণ জ্ঞান হয় না; আবার মুক্তিও হয় না। এই সংসারে ফিরে ফিরে আসতে হয়। বাছুর হাম্বা হাম্বা (আমি আমি) করে, তাই অত যন্ত্"
character,অহংকার,Ego and pride,saying,"সব ‘আমি’ ছাড়তে হবে না — ‘কাঁচা আমি’ ছাড়ো, ‘পাকা আমি’ রাখো","You needn't drop every 'I' — drop the 'unripe I', keep the 'ripe I'",16_h_three_gunas_243_245#p18,"১৮৮৩, ২২শে জুলাই",16.8,yes,"শ্রীরামকৃষ্ণ — কেশব সেনের সঙ্গে ব্রহ্মজ্ঞানের কথা হচ্ছিল। কেশব বললে, আরও বলুন। আমি বললুম, আর বললে দলটল থাকে না। তখন কেশব বললে, তবে আর থাক, ম"
character,অহংকার,Ego and pride,saying,"‘আমি’ যদি না যায়, ‘দাস আমি’ হয়ে থাক","If the 'I' won't go, let it stay as God's servant",09_f_veilofmaya_119_122#p27,"১৮৮২, ১৪ই ডিসেম্বর",9.6,yes,"শ্রীরামকৃষ্ণ — দুই-একটি লোকের সমাধি হয়ে ‘অহং’ যায় বটে, কিন্তু প্রায় যায় না। হাজার বিচার কর, ‘অহং’ ফিরে ঘুরে এসে উপস্থিত। আজ অশ্বত্থগাছ ক"
character,অহংকার,Ego and pride,saying,"উঁচু ঢিপিতে জল জমে না, নিচু জমিতে জমে",Water runs off a high mound and gathers in low ground,52_m_advicetodrsarkar_944_946#p4,"১৮৮৫, ২৩শে অক্টোবর",52.13,yes,শ্রীরামকৃষ্ণ — অহংকার না গেলে জ্ঞানলাভ করা যায় না। উঁচু ঢিপিতে জল জমে না। খাল জমিতে চারিদিককার জল হুড়হুড় করে আসে।
character,অহংকার,Ego and pride,saying,হাঁড়ির আলু-বেগুন লাফায় নিচের আগুনে — ‘আমি কর্তা’ ভুল,Potatoes jump in the pot only because of the fire below,52_w_freewill_964_968#p42,"১৮৮৫, ২৬শে অক্টোবর",52.23,yes,"(ডাক্তারের প্রতি) — “দেখ, ঈশ্বর সব করছেন, তিনি যন্ত্রী, আমি যন্ত্র। এ-বিশ্বাস যদি কারু হয়, সে তো জীবন্মুক্ত — ‘তোমার কর্ম তুমি কর, লোকে বলে"
character,অহংকার,Ego and pride,saying,"যতই সাজো-গোজো, সব দুদিনের জন্য","However grand you look, it's all for two days",36_f_i_conciousness_664_666#p4,"১৮৮৪, ১৯শে অক্টোবর",36.6,yes,"শ্রীরামকৃষ্ণ (সদরওয়ালার প্রতি) — আচ্ছা, অভিমান, অহংকার জ্ঞানে হয় — না, অজ্ঞানে হয়? অহংকার তমোগুণ, অজ্ঞান থেকে উৎপন্ন হয়। এই অহংকার আড়াল"
character,অহংকার,Ego and pride,saying,"যে দিল্লী গেছে, সে কি জাঁক করে?",Does someone who's been to Delhi brag about it?,52_zb_panditspride_975_976#p5,"১৮৮৫, ২৭শে অক্টোবর",52.28,yes,"“যারা একটু বই-টই পড়েছে, অমনি তাদের অহংকার এসে জোটে। কা-ঠাকুরের সঙ্গে ঈশ্বরীয় কথা হয়েছিল। সে বলে, ‘ও-সব আমি জানি।’ আমি বললুম, যে দিল্লী গি"
character,অহংকার,Ego and pride,saying,এক টাকার ব্যাঙ হাতিকে লাথি দেখায়,The frog with one rupee kicks at an elephant,09_f_veilofmaya_119_122#p14,"১৮৮২, ১৪ই ডিসেম্বর",9.6,yes,“একটা ব্যাঙের একটা টাকা ছিল। গর্তে তার টাকাটা ছিল। একটা হাতি সেই গর্ত ডিঙিয়ে গিছিল। তখন ব্যাঙটা বেরিয়ে এসে খুব রাগ করে হাতিকে লাথি দেখাতে 
character,অহংকার,Ego and pride,song,"সকলি তোমার ইচ্ছা, ইচ্ছাময়ী তারা তুমি।",,,,,,
character,কামনা ও লোভ,Desire and greed,saying,মাছ মুখ থেকে পড়ে গেলে কাকেরা আর চিলকে তাড়া করে না,"Drop the fish, and the crows stop chasing the kite",20_y_at_dakshineshwar_426_429#p24,"১৮৮৪, ২৪শে মে",20.25,yes,"“ভোগ থাকলেই যোগ কমে যায়। ভোগ থাকলেই আবার জ্বালা। শ্রীমদ্ভাগবতে আছে — অবধূত চিলকে চব্বিশ গুরুর মধ্যে একজন করেছিল। চিলের মুখে মাছ ছিল, তাই হা"
character,কামনা ও লোভ,Desire and greed,saying,ব্রহ্মানন্দ পেলে মন আর দৌড়ায় না,"Taste God's bliss, and the mind stops running after things",37_f_maya_691_693#p24,"১৮৮৪, ২৬শে অক্টোবর",37.6,yes,"শ্রীরামকৃষ্ণ — সংসারীরা বলে, কেন কামিনী-কাঞ্চনে আসক্তি যায় না? তাঁকে লাভ করলে আসক্তি যায়। যদি একবার ব্রহ্মানন্দ পায়, তাহলে ইন্দ্রিয়সুখ ভ"
character,কামনা ও লোভ,Desire and greed,saying,"টাকায় ভাত-ডাল-থাকার জায়গা হয়, ভগবান হয় না","Money buys rice, dal and a roof — not God",02_e_wayofdevotion_19_21#p20,১৮৮২ মার্চ,2.5,yes,"“সঙ্গে সঙ্গে বিচার করা খুব দরকার। কামিনী-কাঞ্চন অনিত্য। ঈশ্বরই একমাত্র বস্তু। টাকায় কি হয়? ভাত হয়, ডাল হয়, থাকবার জায়গা হয় — এই পর্যন্"
character,কামনা ও লোভ,Desire and greed,saying,ঈশ্বরীয় কথা শুনতে শুনতে বাসনা একটু একটু কমে,"Listening to talk of God, desire wanes little by little",26_b_samadhi_506_509#p10,"১৮৮৪, ৩রা অগস্ট",26.2,yes,“আর একটি কথা। এ-সব কথা শুনতে শুনতে বিষয়বাসনা একটু একটু করে কমে। মদের নেশা কমাবার জন্য একটু একটু চালুনির জল খেতে হয়। তাহলে ক্রমে ক্রমে নেশা
character,কামনা ও লোভ,Desire and greed,saying,"ছোট সাধ মিটিয়ে, দেখে নিয়ে, ছেড়ে দাও","Fulfil a small wish, see it for what it is, and let it go",37_k_jnanayoga_701_703#p33,"১৮৮৪, ৯ই নভেম্বর",37.11,yes,"“কেল্লার ভিতর থেকে যুদ্ধ করাই আরও সুবিধা — কেল্লা থেকে অনেক সাহায্য পাওয়া যায়। সংসার ভোগের স্থান, এক-একটি জিনিস ভোগ করে অমনি ত্যাগ করতে হয"
character,কামনা ও লোভ,Desire and greed,saying,"কাঁদলে মনের কাদা ধুয়ে যায়, চুম্বক টেনে নেয়",Tears wash the mud of craving off the mind,03_b_atshyampukur_35_38#p27,"১৮৮২, ২রা এপ্রিল",3.2,yes,"শ্রীরামকৃষ্ণ — অবশ্য পাওয়া যায়। তবে যা বললুম, সাধুসঙ্গ আর সর্বদা প্রার্থনা করতে হয়। তাঁর কাছে কাঁদতে হয়। মনের ময়লাগুলো ধুয়ে গেলে তাঁর "
character,কামনা ও লোভ,Desire and greed,saying,"খেলা শেষ হলে ছেলে বলে, ‘মা যাব’","When play is over, the child cries for Mother",13_d_at_sinthee_178_180#p31,"১৮৮৩, ২২শে এপ্রিল",13.4,yes,"শ্রীরামকৃষ্ণ — ভোগের শান্তি না হলে বৈরাগ্য হয় না। ছোট ছেলেকে খাবার আর পুতুল দিয়ে বেশ ভুলানো যায়। কিন্তু যখন খাওয়া হয়ে গেল, আর পুতুল নিয"
character,কামনা ও লোভ,Desire and greed,song,মন চল নিজ নিকেতনে।,,,,,,
character,কাম,Lust,saying,অভ্যাসে মনে জোর আসে — কচ্ছপের মতো ইন্দ্রিয় গুটিয়ে নাও,Practice gives the mind strength — draw in the senses like a tortoise,10_e_discriminationanddevotion_136_137#p10,"১৮৮৩, ১লা জানুয়ারি",10.5,yes,"“অভ্যাসযোগের দ্বারা কামিনী-কাঞ্চনে আসক্তি ত্যাগ করা যায়। গীতায় এ-কথা আছে। অভ্যাস দ্বারা মনে অসাধারণ শক্তি এসে পড়ে, তখন ইন্দ্রিয় সংযম করত"
character,কাম,Lust,saying,ছয় রিপুর মোড় ঈশ্বরের দিকে ফিরিয়ে দাও,Turn the passions toward God,20_y_at_dakshineshwar_426_429#p20,"১৮৮৪, ২৪শে মে",20.25,yes,"“এই কাম, ক্রোধ, লোভ ইত্যাদি ছয় রিপু একেবারে তো যাবে না; তাই ঈশ্বরের দিকে মোড় ফিরিয়ে দিতে হবে। যদি কামনা করতে হয়, লোভ করতে হয়, তবে ঈশ্বর"
character,কাম,Lust,saying,ভক্তি এলে আর জোর করে সংযম করতে হয় না,"When devotion comes, the passions subside on their own",52_g_yugadharma_927_933#p46,"১৮৮৫, ২২শে অক্টোবর",52.7,yes,"“ভক্তিপথেও তাঁকে পাওয়া যায়। যদি ঈশ্বরের পাদপদ্মে একবার ভক্তি হয়, যদি তাঁর নামগূনগান করতে ভাল লাগে, ইন্দ্রিয় সংযম আর চেষ্টা করে করতে হয় "
character,কাম,Lust,saying,"পরস্ত্রী মাতৃবৎ, নিজের স্ত্রী ধর্মের সহায়","Others' wives as mothers, your own as a spiritual companion",37_f_maya_691_693#p28,"১৮৮৪, ২৬শে অক্টোবর",37.6,yes,"“তাই জন্যই সাধন-ভজন। তাঁকে চিন্তা যত করবে, ততই সংসারের সামান্য ভোগের জিনিসে আসক্তি কমবে। তাঁর পাদপদ্মে যত ভক্তি হবে, ততই বিষয়বাসনা কম পড়ে "
character,কাম,Lust,saying,ঈশ্বর বড় চুম্বক — বড়টাই টেনে নেয়,God is the bigger magnet,09_d_lustandlucre_117_118#p12,"১৮৮২, ১৪ই ডিসেম্বর",9.4,yes,"“যদি একবার এইরূপ তীব্র বৈরাগ্য হয়ে ঈশ্বরলাভ হয়, তাহলে আর মেয়েমানুষে আসক্তি থাকে না। ঘরে থাকলেও, মেয়েমানুষে আসক্তি থাকে না, তাদের ভয় থাক"
character,কাম,Lust,saying,"প্রথমে প্রলোভন থেকে দূরে থাকো, চারাগাছে বেড়া দাও",At first keep temptation out of reach — fence the young sapling,36_d_renunciation_660_661#p6,"১৮৮৪, ১৯শে অক্টোবর",36.4,yes,"“কেশব সেনকে আরও বলেছিলুম, নির্জনে না গেলে, শক্ত রোগ সারবে কেমন করে? রোগটি হচ্ছে বিকার। আবার যে-ঘরে বিকারী রোগী, সেই ঘরেই আচার, তেঁতুল আর জলে"
character,কাম,Lust,saying,ইন্দ্রিয় জয় করলে মহৎ হয়,Mastering the senses makes a person great,03_b_atshyampukur_35_38#p23,"১৮৮২, ২রা এপ্রিল",3.2,yes,"শ্রীরামকৃষ্ণ — তাঁর ইচ্ছা, তাঁর লীলা। তাঁর মায়াতে বিদ্যাও আছে, অবিদ্যাও আছে। অন্ধকারেরও প্রয়োজন আছে, অন্ধকার থাকলে আলোর আরও মহিমা প্রকাশ হ"
character,কাম,Lust,song,ডুব দে মন কালী বলে। হৃদি-রত্নাকরের অগাধ জলে।,,,,,,
character,পাপবোধ ও অপরাধবোধ,Guilt,saying,"অত পাপ পাপ কেন? — বল, আর করব না",Why harp on sin? Tell Him you won't do it again,08_d_atmanimallicks_110_112#p16,"১৮৮২, ২৬শে নভেম্বর",8.4,yes,"শ্রীরামকৃষ্ণ (বিজয়ের প্রতি) — আচ্ছা, তোমরা অত পাপ পাপ বললে কেন? একশোবার “আমি পাপী” “আমি পাপী” বললে তাই হয়ে যায়। এমন বিশ্বাস করা চাই যে, ত"
character,পাপবোধ ও অপরাধবোধ,Guilt,saying,বিশ্বাস থাকলে মহাপাতক থেকেও উদ্ধার,Faith can lift you out of even the gravest wrong,02_g_solutionisfaith_25_27#p11,১৮৮২ মার্চ,2.7,yes,"“যার ঈশ্বরে বিশ্বাস আছে, সে যদি মহাপাতক করে — গো, ব্রাহ্মণ, স্ত্রী হত্যা করে, তবুও ভগবানে এই বিশ্বাসের বলে ভারী ভারী পাপ থেকে উদ্ধার হতে পার"
character,পাপবোধ ও অপরাধবোধ,Guilt,saying,অনুতাপের চোখের জলে মনের ময়লা ধুয়ে যায়,Tears of repentance wash the mind clean,09_g_bhaktiyoga_122_125#p31,"১৮৮২, ১৪ই ডিসেম্বর",9.7,yes,"শ্রীরামকৃষ্ণ — চিত্তশুদ্ধি না হলে হয় না। কামিনী-কাঞ্চনে মন মলিন হয়ে আছে, মনে ময়লা পড়ে আছে। ছুঁচ কাদা দিয়ে ঢাকা থাকলে আর চুম্বক টানে না।"
character,পাপবোধ ও অপরাধবোধ,Guilt,saying,‘আমি অশুদ্ধ’? — হাজার বছরের অন্ধকার ঘরও একবারে আলো হয়,'I am impure'? A room dark for a thousand years lights up at once,38_b_withdevotees_712_714#p25,"১৮৮৪, ১৪ই ডিসেম্বর",38.2,yes,"শ্রীরামকৃষ্ণ — সে কি! হাজার বছরের অন্ধকার ঘরে যদি আলো আসে, সে কি একটু একটু করে আলো হয়? না, একেবারে দপ্‌ করে আলো হয়?"
character,পাপবোধ ও অপরাধবোধ,Guilt,saying,একবার বল — আর করব না,Just say once: I won't do it again,06_f_advicetobrahmos_88_90#p11,"১৮৮২, ২৭শে অক্টোবর",6.6,yes,"“কেবল ‘পাপ’ আর ‘নরক’ এই সব কথা কেন? একবার বল যে, অন্যায় কর্ম যা করেছি আর করব না। আর তাঁর নামে বিশ্বাস কর।”"
character,পাপবোধ ও অপরাধবোধ,Guilt,saying,‘আমি মুক্ত’ — এ অভিমান ভাল,'I am free' is a good kind of pride,16_l_at_dakshineshwar_249_250#p9,"১৮৮৩, ১৯শে অগস্ট",16.12,yes,“কিন্তু ‘আমি মুক্ত’ এ-অভিমান খুব ভাল। ‘আমি মুক্ত’ এ-কথা বলতে বলতে সে মুক্ত হয়ে যায়। আবার ‘আমি বদ্ধ’ ‘আমি বদ্ধ’ এ-কথা বলতে বলতে সে ব্যক্তি 
character,পাপবোধ ও অপরাধবোধ,Guilt,saying,হাততালি দিলে গাছের পাখি পালায়,Clap your hands and the birds fly off the tree,11_atgovindamukhopadhyayas_138_139#p14,"১৮৮৩, ১৮ই ফেব্রুয়ারি",11.1,yes,শ্রীরামকৃষ্ণ — তাঁর নামগুণকীর্তন করলে দেহের সব পাপ পালিয়ে যায়। দেহবৃক্ষে পাপপাখি; তাঁর নামকীর্তন যেন হাততালি দেওয়া। হাততালি দিলে যেমন বৃক
character,পাপবোধ ও অপরাধবোধ,Guilt,saying,সব ভার তাঁকে দাও,Hand the whole burden to Him,52_zb_panditspride_975_976#p13,"১৮৮৫, ২৭শে অক্টোবর",52.28,yes,"শ্রীরামকৃষ্ণ (শ্যাম বসুর প্রতি) — আর ঈশ্বরকে আমমোক্তারী দাও না। তাঁর উপর সব ভার দাও। সৎ লোককে যদি কেউ ভার দেয়, তিনি কি অন্যায় করেন? পাপের "
character,পাপবোধ ও অপরাধবোধ,Guilt,song,আমি দুর্গা দুর্গা বলে মা যদি মরি।,,,,,,
character,কপটতা,Hypocrisy,saying,ভেকের মতো মন না হলে সর্বনাশ,"If the mind doesn't match the outer garb, ruin follows",12_l_ochreclothes_157_159#p9,"১৮৮৩, ২৯শে মার্চ",12.12,yes,"“মিথ্যা কিছুই ভাল নয়। মিথ্যা ভেক ভাল নয়। ভেকের মতো যদি মনটা না হয়, ক্রমে সর্বনাশ হয়। মিথ্যা বলতে বা করতে ক্রমে ভয় ভেঙে যায়। তার চেয়ে "
character,কপটতা,Hypocrisy,saying,মুখে বলে ঈশ্বরকে ভালবাসি,"'I love God,' they say — but only in words",20_p_at_dakshineshwar_397_401#p32,"১৮৮৪, ৯ই মার্চ",20.16,yes,"“সংসারী লোক কপট হয় — সরল হয় না। মুখে বলে ঈশ্বরকে ভালবাসি, কিন্তু বিষয়ে যত টান, কামিনী-কাঞ্চনে যত ভালবাসা, তার অতি অল্প অংশও ঈশ্বরের দিকে "
character,কপটতা,Hypocrisy,saying,"শকুনি উঁচুতে ওড়ে, নজর ভাগাড়ে",The vulture soars high but eyes the carrion,20_v_truth_417_419#p18,"১৮৮৪, ৫ই এপ্রিল",20.22,yes,"“অনেক পণ্ডিত আছে, কত জ্ঞানের কথা বলে। মুখেই বলে, কাজে কিছুই নয়। যেমন শকুনি খুব উঁচুতে উঠে; কিন্তু ভাগাড়ের দিকে নজর; অর্থাৎ সেই কামিনী-কাঞ্"
character,কপটতা,Hypocrisy,saying,পাঁজি টিপলে এক ফোঁটা জলও পড়ে না — ধারণা চাই,Squeeze the almanac — not a drop of rain; truth must be lived,28_g_naran_535_537#p26,"১৮৮৪, ১৪ই সেপ্টেম্বর",28.7,yes,শ্রীরামকৃষ্ণ — শাস্ত্রের কথা বললে বা শুনলে কি হবে? ধারণা করা চাই। পাঁজিতে লিখেছে বিশ আড়া জল। পাঁজি টিপলে একটুও পড়ে না।
character,কপটতা,Hypocrisy,saying,ভান করেই জেলের চৈতন্য — ‘সত্যি সাধু হলে তো ভগবান পাব’,"A fake holy man awakens — 'if I became genuine, I'd surely find God'",14_c_with_manilal_a_199_200#p18,"১৮৮৩, ৪ঠা জুন",14.3,yes,"“এক জেলে রাত্রে এক বাগানে জাল ফেলে মাছ চুরি করছিল। গৃহস্থ জানতে পেরে, তাকে লোকজন দিয়ে ঘিরে ফেললে। মশাল-টশাল নিয়ে চোরকে খুঁজতে এল। এদিকে জে"
character,কপটতা,Hypocrisy,saying,সরল হলে ঈশ্বরকে সহজে পাওয়া যায়,The guileless reach God easily,22_a_baburamrakhal_460_463#p19,"১৮৮৪, ২০শে জুন",22.1,yes,"শ্রীরামকৃষ্ণ — না, চেহারা শুধু নয়। সরল। সরল হলে ঈশ্বরকে সহজে পাওয়া যায়। সরল হলে উপদেশে শীঘ্র কাজ হয়। পাট করে জমি কাঁকর কিছু নাই, বীজ পড়"
character,কপটতা,Hypocrisy,saying,সত্যকথা কলির তপস্যা,Truthfulness is the austerity of this age,44_c_truthisworship_799_800#p11,"১৮৮৫, ১২ই এপ্রিল",44.3,yes,"শ্রীরামকৃষ্ণ — সত্যকথা কলির তপস্যা। কলিতে অন্য তপস্যা কঠিন। সত্যে থাকলে ভগবানকে পাওয়া যায়। তুলসীদাস বলেছে, ‘সত্যকথা, অধীনতা, পরস্ত্রী মাতৃ"
character,কপটতা,Hypocrisy,song,অমূল্যধন পাবি রে মন হলে খাঁটি!,,,,,,
character,আলস্য ও শিথিলতা,Laziness,saying,চাষার রোখ — জল না এনে ছাড়বে না,The farmer who wouldn't stop till the water came,09_c_intenserenunciation_116_117#p8,"১৮৮২, ১৪ই ডিসেম্বর",9.3,yes,"“তীব্র বৈরাগ্য কাকে বলে, একটি গল্প শোন। এক দেশে অনাবৃষ্টি হয়েছে। চাষীরা সব খানা কেটে দূর থেকে জল আনছে। একজন চাষার খুব রোখ আছে; সে একদিন প্র"
character,আলস্য ও শিথিলতা,Laziness,saying,এক জায়গায় খুঁড়ে গেলে তবে জল,Keep digging in one spot and you'll find water,12_r_divine_form_170_172#p10,"১৮৮৩, ৮ই এপ্রিল",12.18,yes,"“বিষয়ী লোকদের রোখ নাই। হল হল; না হল না হল। জলের দরকার হয়েছে কূপ খুঁড়ছে। খুঁড়তে, খুঁড়তে যেমন পাথর বেরুল, অমনি সেখানটা ছেড়ে দিলে। আর-এক "
character,আলস্য ও শিথিলতা,Laziness,saying,ঢিমে তেতালা হলে হয় না,Going slow and easy gets you nowhere,14_i_with_manirampur_devotees_b_209_211#p18,"১৮৮৩, ১০ই জুন",14.9,yes,"“ঢিমে তেতলা হলে হয় না। যাদের সংসারে ভোগের ইচ্ছা আছে তারা বলে, ‘হবে, কখন না কখন ঈশ্বরকে পাবে!’"
character,আলস্য ও শিথিলতা,Laziness,saying,এগিয়ে পড় — চন্দন কাঠের পরও আছে,Go forward — there's more beyond the sandalwood,14_g_with_devotees_206_207#p17,"১৮৮৩, ৮ই জুন",14.7,yes,"“এগিয়ে পড়। চন্দন কাঠের পর আরও আছে — রূপার খনি — সোনার খনি — হীরে-মাণিক। একটু উদ্দীপন হয়েছে বলে মনে করো না যে, সব হয়ে গেছে!”"
character,আলস্য ও শিথিলতা,Laziness,saying,"উপর উপর ভাসলে রত্ন মেলে না, ডুব দাও",Floating on the surface finds no gems — dive,16_y_brahma_shakti_269_274#p35,"১৮৮৩, ২২শে সেপ্টম্বর",16.25,yes,“আর ডুব দাও। উপর উপর ভাসলে বা সাঁতার দিলে কি রত্ন পাওয়া যায়? ডুব দিতে হয়।
character,আলস্য ও শিথিলতা,Laziness,saying,"প্রথমে একটু খেটে নিতে হয়, তারপর পেনশন","Work hard first, then enjoy the pension",12_s_advice_to_adhar_172_173#p13,"১৮৮৩, ৮ই এপ্রিল",12.19,yes,“ঈশ্বরেতে সর্বদা মন রাখবে। প্রথমে একটু খেটে নিতে হয়। তারপর পেনশন ভোগ করবে।”
character,আলস্য ও শিথিলতা,Laziness,saying,পুরুষকারের জন্য প্রার্থনা কর,Pray for the strength to act,20_p_at_dakshineshwar_397_401#p29,"১৮৮৪, ৯ই মার্চ",20.16,yes,“ত্যাগ করতে হলে ঈশ্বরের কাছে পুরুষকারের জন্য প্রার্থনা করতে হয়। যা মিথ্যা বলে বোধ হবে তা তৎক্ষণাৎ ত্যাগ।
character,আলস্য ও শিথিলতা,Laziness,song,মন রে কৃষি কাজ জানো না।,,,,,,
character,নিন্দা ও অপমান,Criticism and insult,saying,"হাতি চলে যায়, পেছনে কত জানোয়ার চেঁচায়",The elephant walks on while the animals howl,02_f_thirdvisit_21_25#p11,১৮৮২ মার্চ,2.6,yes,"শ্রীরামকৃষ্ণ (নরেন্দ্রের প্রতি) — নরেন্দ্র তুই কি বলিস? সংসারী লোকেরা কত কি বলে! কিন্তু দেখ, হাতি যখন চলে যায়, পেছনে কত জানোয়ার কত রকম চিৎ"
character,নিন্দা ও অপমান,Criticism and insult,saying,কামারশালের নেয়াইয়ের মতো হও,Be like the blacksmith's anvil,30_b_vijayagoswami_578_580#p6,"১৮৮৪, ২৬শে সেপ্টেম্বর",30.2,yes,শ্রীরামকৃষ্ণ (বিজয়ের প্রতি সহাস্যে) — তুমি সাকারবাদীদের সঙ্গে মেশো বলে তোমার নাকি বড় নিন্দা হয়েছে? যে ভগবানের ভক্ত তার কূটস্থ বুদ্ধি হওয়
character,নিন্দা ও অপমান,Criticism and insult,saying,"‘তা হোক, বলুকগে ভণ্ড’ — নিন্দুক সম্পর্কে ঠাকুর",'Let him call me a fraud' — Thakur on a critic,49_b_lustandlucre_857_859#p20,"১৮৮৫, ১৩ই জুলাই",49.2,yes,"গেরুয়া পরা একব্যক্তি ঘরে প্রবেশ করিয়া অভিবাদন করিলেন। তিনি ভিতরে ভিতরে ঠাকুরের নিন্দা করেন, তাই বলরাম হাসিতেছেন। ঠাকুর অন্তর্যামী, বলরামকে"
character,নিন্দা ও অপমান,Criticism and insult,saying,"দুষ্ট লোককে ফোঁস কর, কিন্তু বিষ ঢেলো না",Hiss to keep harm away — but never bite,02_f_thirdvisit_21_25#p24,১৮৮২ মার্চ,2.6,yes,"“দুষ্ট লোকের কাছে ফোঁস করতে হয়, ভয় দেখাতে হয়, পাছে অনিষ্ট করে। তাদের গায়ে বিষ ঢালতে নাই, অনিষ্ট করতে নাই।”"
character,নিন্দা ও অপমান,Criticism and insult,saying,‘লোকে কি বলবে’ — এ ভাব ত্যাগ কর,Let go of 'what will people say?',17_c_vijaya_goswami_298_301#p21,"১৮৮৩, ২৬শে নভেম্বর",17.3,yes,"(বিজয়ের প্রতি) — “ভগবানের শরণাগত হয়ে এখন লজ্জা, ভয় — এ-সব ত্যাগ কর। ‘আমি হরিনামে যদি নাচি, লোকে আমায় কি বলবে’ — এ-সব ভাব ত্যাগ কর।”"
character,নিন্দা ও অপমান,Criticism and insult,saying,"লোকে বলুক, ঈশ্বরের জন্য পাগল হয়েছে",Let people say you've gone mad for God,37_c_with_devotees_682_685#p22,"১৮৮৪, ২৬শে অক্টোবর",37.3,yes,"“জো-সো করে তাঁর কাছে যেতে হবে। নির্জনে তাঁকে ডাকো, প্রার্থনা কর; ‘দেখা দাও’ বলে ব্যাকুল হয়ে কাঁদো। কামিনী-কাঞ্চনের জন্য পাগল হয়ে বেড়াতে প"
character,নিন্দা ও অপমান,Criticism and insult,saying,কারু নিন্দা করো না — পোকাটিরও না,Don't find fault with anyone — not even an insect,28_o_hazra_557_559#p14,"১৮৮৪, ১৯শে সেপ্টেম্বর",28.15,yes,"“কারু নিন্দা করো না — পোকাটিরও না। তুমি নিজেই তো বল, লোমস মুনির কথা। যেমন ভক্তি প্রার্থনা করবে তেমনি ওটাও বলবে — ‘যেন কারু নিন্দা না করি’।”"
character,নিন্দা ও অপমান,Criticism and insult,song,লজ্জা নিবারণ হরি আমার।,,,,,,
family,সংসারের চাপ ও কর্তব্য,Family and duty,saying,বড়মানুষের বাড়ির ঝির মতো সংসারে থাকো,Live like the maid in a rich man's house,30_b_vijayagoswami_578_580#p19,"১৮৮৪, ২৬শে সেপ্টেম্বর",30.2,yes,"“সংসারে থাকো, যেমন বড়মানুষের বাড়ির ঝি। সব কাজ করে, ছেলে মানুষ করে, বাবুর ছেলেকে বলে আমার হরি কিন্তু তার মন দেশে পড়ে থাকে। তেমনি সংসারে সব"
family,সংসারের চাপ ও কর্তব্য,Family and duty,saying,কচ্ছপের মতো সংসারে থাক,"Like the tortoise, whose mind stays with her eggs",20_t_mahimas_scholarship_411_413#p26,"১৮৮৪, ২৩শে মার্চ",20.20,yes,"“তোমাদের সব ত্যাগ করবার দরকার নাই। কচ্ছপের মতো সংসারে থাক। কচ্ছপ নিজে জলে চরে বেড়ায়; — কিন্তু ডিম আড়াতে রাখে — সব মনটা তার ডিম যেখানে, সে"
family,সংসারের চাপ ও কর্তব্য,Family and duty,saying,হাতে তেল মেখে কাঁঠাল ভাঙো,Oil your hands before you break the jackfruit,02_e_wayofdevotion_19_21#p16,১৮৮২ মার্চ,2.5,yes,“তেল হাতে মেখে তবে কাঁঠাল ভাঙতে হয়! তা না হলে হাতে আঠা জড়িয়ে যায়। ঈশ্বরে ভক্তিরূপ তেল লাভ করে তবে সংসারের কাজে হাত দিতে হয়।
family,সংসারের চাপ ও কর্তব্য,Family and duty,saying,"পনর আনা মন ভগবানে, এক আনায় কাজ","Most of the mind on God, a little on chores",19_f_at_kolkata_359_363#p29,"১৮৮৩, ২৭শে ডিসেম্বর",19.6,yes,"“দেখ, — ছেলেকে মাই দেওয়া, ঢেঁকি পড়ছে, ধান ঠেলে দেওয়া ও কাঁড়া ধান তোলা, আবার খদ্দেরের সঙ্গে কথা বলা, একসঙ্গে করছে। এরই নাম অভ্যাসযোগ। কিন"
family,সংসারের চাপ ও কর্তব্য,Family and duty,saying,গৃহে থেকে যুদ্ধ — কেল্লা থেকে যুদ্ধ,Home is a fort to fight from,37_d_sannyasi_and_householder_685_688#p14,"১৮৮৪, ২৬শে অক্টোবর",37.4,yes,"“সংসারে কাম, ক্রোধ এই সবের সঙ্গে যুদ্ধ করতে হয়, নানা বাসনার সঙ্গে যুদ্ধ করতে হয়, আসক্তির সঙ্গে যুদ্ধ করতে হয়। যুদ্ধ কেল্লা থেকে হলেই সুবি"
family,সংসারের চাপ ও কর্তব্য,Family and duty,saying,"কাদা লাগবে, ঝেড়ে ফেলবে — পাঁকাল মাছের মতো",Mud will stick; shake it off like the mudfish,44_b_sriramakrishnasdivinetrance_797_799#p10,"১৮৮৫, ১২ই এপ্রিল",44.2,yes,"“আমার অবস্থা নজিরের জন্য। তোমরা সংসার করো, অনাসক্ত হয়ে। গায়ে কাদা লাগবে কিন্তু ঝেড়ে ফেলবে, পাঁকাল মাছের মতো। কলঙ্কসাগরে সাঁতার দেবে — তবু"
family,সংসারের চাপ ও কর্তব্য,Family and duty,saying,সংসারও তিনি — তবে ভয় কি?,The household too is God. What is there to fear?,16_zg_with_devotees_293_294#p16,"১৮৮৩, ১৬ই অক্টোবর",16.33,yes,"“তোমরা সংসারে আছ তা ভয় কি? রাম যখন সংসারত্যাগ করবার কথা বললেন, দশরথ চিন্তিত হয়ে বশিষ্ঠের শরণাগত হলেন। বশিষ্ঠ রামকে বললেন, রাম তুমি কেন সংস"
family,সংসারের চাপ ও কর্তব্য,Family and duty,song,মন রে কৃষি কাজ জানো না।,,,,,,
family,স্বামী-স্ত্রী,Marriage,saying,স্ত্রীর উপর ভালবাসা হবে না?,Of course you love your wife; that love is the Mother's own spell,20_p_at_dakshineshwar_397_401#p37,"১৮৮৪, ৯ই মার্চ",20.16,yes,"“তা স্ত্রীর উপর ভালবাসা হবে না? এটি জগন্মাতার ভুবনমোহিনী মায়া। স্ত্রীকে বোধ হয় যে পৃথিবীতে অমন আপনার লোক আর হবে না — আপনার লোক, জীবনে মরণে"
family,স্বামী-স্ত্রী,Marriage,saying,নিজের স্ত্রীকে ধর্মের সহায় বন্ধু বোধ হবে,Your spouse becomes your friend on the spiritual path,37_f_maya_691_693#p28,"১৮৮৪, ২৬শে অক্টোবর",37.6,yes,"“তাই জন্যই সাধন-ভজন। তাঁকে চিন্তা যত করবে, ততই সংসারের সামান্য ভোগের জিনিসে আসক্তি কমবে। তাঁর পাদপদ্মে যত ভক্তি হবে, ততই বিষয়বাসনা কম পড়ে "
family,স্বামী-স্ত্রী,Marriage,saying,বিদ্যারূপিণী স্ত্রী যথার্থ সহধর্মিণী,A true partner helps you toward God,20_p_at_dakshineshwar_397_401#p39,"১৮৮৪, ৯ই মার্চ",20.16,yes,“বিদ্যারূপিণী স্ত্রী যথার্থ সহধর্মিণী। স্বামীকে ঈশ্বরের পথে যেতে বিশেষ সহায়তা করে। দু-একটি ছেলের পর দুজনে ভাই-ভগিনীর মতো থাকে। দুজনেই ঈশ্বর
family,স্বামী-স্ত্রী,Marriage,saying,স্ত্রীকে পূজা — সকল স্ত্রীই ভগবতীর রূপ,Gauri worshipped his wife: every woman is a form of the Divine Mother,20_l_at_dakshineshwar_388_390#p27,"১৮৮৪, ২৪শে ফেব্রুয়ারি",20.12,yes,শ্রীরামকৃষ্ণ — গৌরী স্ত্রীকে পুষ্পাঞ্জলি দিয়ে পূজা করত। সকল স্ত্রীই ভগবতীর এক-একটি রূপ।
family,স্বামী-স্ত্রী,Marriage,saying,স্ত্রীর সঙ্গে একটু আমোদ-আহ্লাদ করবি,Have some fun with your wife,42_e_dakshineshwar_756_758#p10,"১৮৮৫, ৭ই মার্চ",42.5,yes,"“ভবনাথ বিয়ে করেছে, কিন্তু সমস্ত রাত্রি স্ত্রীর সঙ্গে কেবল ধর্মকথা কয়! ঈশ্বরের কথা নিয়ে দুজনে থাকে। আমি বললুম, পরিবারের সঙ্গে একটু আমোদ-আহ"
family,স্বামী-স্ত্রী,Marriage,saying,বুদ্ধিমতী স্ত্রীর পরামর্শ — এই একঘরই ভাল,"A wise wife's counsel: don't run away, this one home is best",36_d_renunciation_660_661#p10,"১৮৮৪, ১৯শে অক্টোবর",36.4,yes,"শ্রীরামকৃষ্ণ — ত্যাগ তোমাদের কেন করতে হবে? যেকালে যুদ্ধ করতেই হবে, কেল্লা থেকেই যুদ্ধ ভাল। ‘ইন্দ্রিয়ের সঙ্গে যুদ্ধ, খিদে-তৃষ্ণা এ-সবের সঙ্গ"
family,স্বামী-স্ত্রী,Marriage,saying,"সংসারে অমিল, অশান্তি? — তবু উপায় আছে",Discord at home? There is still a way,17_l_householder_312_316#p10,"১৮৮৩, ২৮শে নভেম্বর",17.12,yes,"“তবে উপায় আছে। মাঝে মাজে নির্জনে গিয়ে তাঁকে প্রার্থনা করতে হয়, তাঁকে লাভ করবার জন্য চেষ্টা করতে হয়।”"
family,সন্তান,Children,saying,ছেলেদের মানুষ করা — কর্তব্য আছে বইকি,Raising your children is your duty,36_e_powerofattorney_662_663#p8,"১৮৮৪, ১৯শে অক্টোবর",36.5,yes,"শ্রীরামকৃষ্ণ — তোমাদের কর্তব্য আছে বইকি? ছেলেদের মানুষ করা, স্ত্রীকে ভরণপোষণ করতে, তোমার অবর্তমানে স্ত্রীর ভরণপোষণের যোগাড় করে রাখতে হবে। ত"
family,সন্তান,Children,saying,খাওয়া-পরার কষ্ট না থাকে — সমর্থ হলে ছেড়ে দাও,"Provide for them, then let go once they can stand on their own",05_c_masterdisciple_62_66#p15,"১৮৮২, ২৪শে অগস্ট",5.3,yes,"শ্রীরামকৃষ্ণ — তাদের খাওয়া পরার কষ্ট না থাকে। কিন্তু সন্তান নিজে সমর্থ হলে তাদের ভার লবার দরকার নাই, পাখির ছানা খুঁটে খেতে শিখলে, আবার মার "
family,সন্তান,Children,saying,তাঁকে বকলমা দাও — ঝির মতো যত্নে মানুষ করো,"Give God the power of attorney; raise them with love, knowing they are His",60_a_ashwinikumar_1164_1170#p41,,60.1,yes,“সংসারে থাকবে তো একখানি আমমোক্তারনামা লিখে দাও — বকলমা দিয়ে দাও। উনি যা হয় করবেন। তুমি থাকবে বড়লোকের বাড়ির ঝির মতো। বাবুর ছেলেপুলেকে কত 
family,সন্তান,Children,saying,"ছেলেদের খাওয়াবে, যেন গোপালকে খাওয়াচ্ছ",Feed your child as though feeding God,17_l_householder_312_316#p5,"১৮৮৩, ২৮শে নভেম্বর",17.12,yes,"শ্রীরামকৃষ্ণ — গান শুনলে? “কালীনামে দাওরে বেড়া, ফসলে তছরূপ হবে না।” ঈশ্বরের শরণাগত হও, সব পাবে। “সে যে মুক্তকেশীর শক্ত বেড়া, তার কাছেতে যম"
family,সন্তান,Children,saying,দয়া আর মায়া আলাদা জিনিস,"Love for your own, and love for all",09_h_withbaburam_125_128#p20,"১৮৮২, ১৪ই ডিসেম্বর",9.8,yes,"শ্রীরামকৃষ্ণ (মাস্টার প্রভৃতি ভক্তদের প্রতি) — দেখ, দয়া আর মায়া এ-দুটি আলাদা জিনিস। মায়া মানে আত্মীয়ে মমতা; যেমন বাপ-মা, ভাই-ভগ্নী, স্ত্"
family,সন্তান,Children,song,যশোদা নাচাতো গো মা বলে নীলমণি।,,,,,,
family,টাকাপয়সার চিন্তা,Money worries,saying,"টাকার দরকার বটে, কিন্তু অত ভেবো না","You need money, but don't worry so much",26_c_withdevotees_510_514#p60,"১৮৮৪, ৩রা অগস্ট",26.3,yes,"“সংসারে টাকার দরকার বটে, কিন্তু উগুনোর জন্য অত ভেবো না। যদৃচ্ছালাভ — এই ভালো। সঞ্চয়ের জন্য অত ভেবো না। যারা তাঁকে মন প্রাণ সমর্পণ করে — যার"
family,টাকাপয়সার চিন্তা,Money worries,saying,পাখির ছানা হলে তারও সঞ্চয় করতে হয়,Even a bird stores food for its chicks,58_c_sriramakrishna_1119_1121#p10,"১৮৮৪, ৬ই ডিসেম্বর",58.3,yes,"“সংসারী লোকের টাকার দরকার আছে, কেননা মাগছেলে আছে। তাদের সঞ্চয় করা দরকার, মাগছেলেদের খাওয়াতে হবে। সঞ্চয় করবে না কেবল পঞ্ছী আউর দরবেশ, অর্থ"
family,টাকাপয়সার চিন্তা,Money worries,saying,"বেশি উপায়ের চেষ্টা করবে, কিন্তু সদুপায়ে","Earn more if you can, but honestly",05_c_masterdisciple_62_66#p13,"১৮৮২, ২৪শে অগস্ট",5.3,yes,শ্রীরামকৃষ্ণ — বিদ্যার সংসারের জন্য পারা যায়। বেশি উপায়ের চেষ্টা করবে। কিন্তু সদুপায়ে। উপার্জন করা উদ্দেশ্য নয়। ঈশ্বরের সেবা করাই উদ্দেশ
family,টাকাপয়সার চিন্তা,Money worries,saying,টাকার সদ্ব্যবহার,The right use of money,16_u_tantric_worship_262_264#p15,"১৮৮৩, ৯ই সেপ্টম্বর",16.21,yes,"“টাকায় খাওয়া-দাওয়া হয়, একটা থাকবার জায়গা হয়, ঠাকুরের সেবা হয়, সাধু-ভক্তের সেবা হয়, সম্মুখে কেউ গরিব পড়লে তার উপকার হয়। এই সব টাকার"
family,টাকাপয়সার চিন্তা,Money worries,saying,"টাকায় কি হয়? ভাত হয়, ডাল হয়","What can money give? Food and a roof, not God",02_e_wayofdevotion_19_21#p20,১৮৮২ মার্চ,2.5,yes,"“সঙ্গে সঙ্গে বিচার করা খুব দরকার। কামিনী-কাঞ্চন অনিত্য। ঈশ্বরই একমাত্র বস্তু। টাকায় কি হয়? ভাত হয়, ডাল হয়, থাকবার জায়গা হয় — এই পর্যন্"
family,টাকাপয়সার চিন্তা,Money worries,saying,তাঁকে আমমোক্তারী দাও — নিশ্চিন্ত হয়ে থাক,Hand God your power of attorney and rest free of worry,36_e_powerofattorney_662_663#p5,"১৮৮৪, ১৯শে অক্টোবর",36.5,yes,"শ্রীরামকৃষ্ণ (সদরওয়ালার প্রতি) — আচ্ছা তাঁকে আমমোক্তারী দাও। ভাল লোকের উপর যদি কেউ ভার দেয়, সে লোক কি আর মন্দ করে? তাঁর উপর আন্তরিক সব ভার"
family,টাকাপয়সার চিন্তা,Money worries,saying,তুমি তো 'খ' — ঘটিবাটি নিয়ে যাক,You are like the sky; let them take the pots,40_b_birthdaycelebration_731_734#p53,"১৮৮৫, ২২শে ফেব্রুয়ারি",40.2,yes,"“কৃষ্ণকিশোর বলত ‘আমি খ’। একদিন তার বাড়িতে গিয়ে দেখি, সে চিন্তিত হয়ে বসে আছে; বেশি কথা কচ্ছে না। আমি জিজ্ঞাসা করলুম, ‘কি হয়েছে গা, এমন কর"
family,টাকাপয়সার চিন্তা,Money worries,song,আপনাতে আপনি থেকো মন যেও নাকো কারু ঘরে।,,,,,,
family,কাজ ও কর্ম,Work,saying,হাতে তেল মেখে কাঁঠাল ভাঙবে,Oil your hands before you cut the jackfruit,13_d_at_sinthee_178_180#p18,"১৮৮৩, ২২শে এপ্রিল",13.4,yes,"শ্রীরামকৃষ্ণ — হাঁ, তারা নিষ্কামকর্ম করবার চেষ্টা করবে। হাতে তেল মেখে কাঁঠাল ভাঙবে। বড় মানুষের বাড়ির দাসী সব কর্ম করে, কিন্তু দেশে মন পড়ে"
family,কাজ ও কর্ম,Work,saying,"এক হাতে কাজ, আর এক হাতে তাঁর পাদপদ্ম","One hand for work, the other holding God",36_d_renunciation_660_661#p8,"১৮৮৪, ১৯শে অক্টোবর",36.4,yes,"“ঈশ্বরলাভের জন্য সংসারে থেকে, একহাতে ঈশ্বরের পাদপদ্ম ধরে থাকবে আর একহাতে কাজ করবে। যখন কাজ থেকে অবসর হবে, তখন দুই হাতেই ঈশ্বরের পাদপদ্ম ধরে "
family,কাজ ও কর্ম,Work,saying,কর্ম ছাড়ার জো নাই — ফল চেয়ো না,"You can't stop working, so don't work for rewards",21_f_moneyworship_453_456#p9,"১৮৮৪, ১৫ই জুন",21.6,yes,“তবে কর্ম একেবারে ত্যাগ করবার জো নাই। তোমার প্রকৃতিতে তোমায় কর্ম করাবে। তা তুমি ইচ্ছা কর আর নাই কর। তাই বলেছে অনাসক্ত হয়ে কর্ম কর। অনাসক্ত
family,কাজ ও কর্ম,Work,saying,"লাভ-লোকসান, সুখ-দুঃখ — কাজের ফল তাঁকে দাও","Offer the results — profit, loss, joy or pain — to God",58_c_sriramakrishna_1119_1121#p11,"১৮৮৪, ৬ই ডিসেম্বর",58.3,yes,"“সংসারী লোক শুদ্ধভক্ত হলে অনাসক্ত হয়ে কর্ম করে। কর্মের ফল — লাভ, লোকশান, সুখ, দুঃখ ঈশ্বরকে সমর্পণ করে। আর তাঁর কাছে রাতদিন ভক্তে প্রার্থনা "
family,কাজ ও কর্ম,Work,saying,"সম্মুখে যেটা পড়ল, সেটাই নিষ্কাম হয়ে কর",Do what comes your way; don't pile on more,06_i_karmayoga_92_93#p12,"১৮৮২, ২৭শে অক্টোবর",6.9,yes,"“শম্ভু মল্লিক হাসপাতাল, ডাক্তারখানা, স্কুল, রাস্তা, পুষ্করিণীর কথা বলেছিল। আমি বললাম, সম্মুখে যেটা পড়ল, না করলে নয়, সেটাই নিষ্কাম হয়ে করত"
family,কাজ ও কর্ম,Work,saying,"প্রার্থনা কর — কাজ যেন নিষ্কাম হয়, বেশি কাজ যেন তাঁকে ভুলিয়ে না দেয়","Pray that your work stays selfless, and never crowds Him out",06_i_karmayoga_92_93#p10,"১৮৮২, ২৭শে অক্টোবর",6.9,yes,"শ্রীরামকৃষ্ণ — হাঁ, তাও করবে, সংসারযাত্রার জন্য যেটুকু দরকার। কিন্তু কেঁদে নির্জনে তাঁর কাছে প্রার্থনা করতে হবে, যাতে ওই কর্মগুলি নিষ্কামভাব"
family,কাজ ও কর্ম,Work,saying,কর্ম করতে করতে মনের ময়লা কেটে যায়,"Work, done rightly, washes the mind clean",12_b_atdakshineshwar_142_145#p10,"১৮৮৩, ৯ই মার্চ",12.2,yes,"শ্রীরামকৃষ্ণ — সংসার কর্মক্ষেত্র, কর্ম করতে করতে তবে জ্ঞান হয়। গুরু বলেছেন, এই সব কর্ম করো, আর এই সব কর্ম করো না। আবার তিনি নিষ্কামকর্মের উ"
family,কাজ ও কর্ম,Work,saying,"অফিসে, ব্যবসায় — সত্যে থাকো","In the office or in business, hold to the truth",10_b_superconcious_131_133#p33,"১৮৮৩, ১লা জানুয়ারি",10.2,yes,“যারা বিষয়কর্ম করে — অফিসের কাজ কি ব্যবসা — তাদেরও সত্যেতে থাকা উচিত। সত্যকথা কলির তপস্যা।”
family,বার্ধক্য,Old age,saying,শেষ বয়সে নির্জনে ঈশ্বরচিন্তা,"In later years, turn to God in quiet",16_zg_with_devotees_293_294#p11,"১৮৮৩, ১৬ই অক্টোবর",16.33,yes,“মৃত্যু সময়ের জন্য প্রস্তুত হওয়া ভাল। শেষ বয়সে নির্জনে গিয়া কেবল ঈশ্বরচিন্তা ও তাঁহার নাম করা। হাতি নেয়ে যদি আস্তাবলে যায় তাহলে আর ধুল
family,বার্ধক্য,Old age,saying,বয়স হলে সংসার থেকে সরে ঈশ্বরচিন্তা,"When you grow old, step back and think of God",20_l_at_dakshineshwar_388_390#p25,"১৮৮৪, ২৪শে ফেব্রুয়ারি",20.12,yes,“বয়স হলে সংসার থেকে ওইরকম চলে গিয়ে ঈশ্বরচিন্তা করা ভাল। কি বল?”
family,বার্ধক্য,Old age,saying,নাম অভ্যাস করো — শেষে যেন তাঁর নামই আসে,"Practise His name now, so it is what comes at the end",16_zg_with_devotees_293_294#p10,"১৮৮৩, ১৬ই অক্টোবর",16.33,yes,"“ঈশ্বরের নামে মানুষ পবিত্র হয়। তাই নামকীর্তন অভ্যাস করতে হয়। আমি যদু মল্লিকের মাকে বলেছিলাম, যখন মৃত্যু আসবে তখন সেই সংসার চিন্তাই আসবে। প"
family,বার্ধক্য,Old age,saying,"রোগ-শোক দেহের, আত্মার নয়","Illness and decline belong to the body, not the Self",16_b_at_dakshineshwar_229_231#p10,"১৮৮৩, জুন",16.2,yes,"“যতক্ষণ দেহবুদ্ধি ততক্ষণই সুখ-দুঃখ, জন্মমৃত্যু, রোগশোক। দেহেরই এই সব, আত্মার নয়। দেহের মৃত্যুর পর তিনি হয়তো ভাল জায়গায় নিয়ে যাচ্ছেন — য"
family,বার্ধক্য,Old age,saying,বুড়ো বয়সে হরিনাম — মন্দের ভাল,Never too late: God's name in old age still counts,43_l_atdebendrashome_788_789#p19,"১৮৮৫, ৬ই এপ্রিল",43.12,yes,"“আগে অনেক পাপ করেছে, তারপর বুড়ো বয়সে হরিনাম করছে এ মন্দের ভাল।"
family,বার্ধক্য,Old age,song,হরি হরি বল রে বীণে!,,,,,,
family,অসুখ ও শরীরের কষ্ট,Illness and pain,saying,দেহ ধরলেই সুখ-দুঃখ — মায়ের প্রিয় ভক্তেরও,Having a body means pain — even for the Mother's favoured ones,16_m_divine_mother_250_252#p15,"১৮৮৩, ১৯শে অগস্ট",16.13,yes,"শ্রীরামকৃষ্ণ — কি জানো, সুখ-দুঃখ দেহধারণের ধর্ম। কবিকঙ্কণ চন্ডীতে আছে যে, কালুবীর জেলে গিছিল; তার বুকে পাষাণ দিয়ে রেখেছিল। — কিন্তু কালুবীর"
family,অসুখ ও শরীরের কষ্ট,Illness and pain,saying,"দেহের সুখ-দুঃখ যাই হোক, ভক্তির ঐশ্বর্য যায় না","Whatever the body suffers, inner wealth remains",16_m_divine_mother_250_252#p21,"১৮৮৩, ১৯শে অগস্ট",16.13,yes,"শ্রীরামকৃষ্ণ — দেহের সুখ-দুঃখ যাই হোক, ভক্তের জ্ঞান, ভক্তির ঐশ্বর্য থাকে, সে ঐশ্বর্য কখনও যাবার নয়। দেখ না, পাণ্ডবের অত বিপদ! কিন্তু এ-বিপদ"
family,অসুখ ও শরীরের কষ্ট,Illness and pain,saying,তাঁতে মনের যোগ হলে কষ্ট একধারে পড়ে থাকে,"When the mind rests in God, pain moves aside",53_v_selfworship_1055_1057#p16,"১৮৮৬, ২২শে এপ্রিল",53.22,no,"“দেখছি, যখন তাঁতে মনের যোগ হয়, তখন কষ্ট একধারে পড়ে থাকে।"
family,অসুখ ও শরীরের কষ্ট,Illness and pain,saying,"দেহ আসে যায়, আত্মার মৃত্যু নাই",The body comes and goes; the soul does not die,17_f_samadhi_303_304#p24,"১৮৮৩, ২৮শে নভেম্বর",17.6,yes,"“দেহ আর আত্মা। দেহ হয়েছে আবার যাবে! আত্মার মৃত্যু নাই। যেমন সুপারি; পাকা সুপারি ছাল থেকে আলাদা হয়ে থাকে, কাঁচা বেলায় ফল আলাদা আর ছাল আলাদ"
family,অসুখ ও শরীরের কষ্ট,Illness and pain,saying,অসুখে অধৈর্য? শিশুর মতো মায়ের উপর নির্ভর কর,Impatient when ill? Lean on the Mother as a child does,20_m_with_manilal_390_391#p18,"১৮৮৪, ২৪শে ফেব্রুয়ারি",20.13,yes,(মাস্টারের প্রতি) — “কেন আমি অসুখ হলে অধৈর্য হই। আমায় বালকের স্বভাবে রেখেছে। বালকের সব নির্ভর মার উপর।
family,অসুখ ও শরীরের কষ্ট,Illness and pain,saying,"খুব অসুখ, কিন্তু রাতদিন ঈশ্বরীয় কথা","Very ill, yet talking of God night and day",17_i_with_keshab_307_309#p11,"১৮৮৩, ২৮শে নভেম্বর",17.9,yes,"শ্রীরামকৃষ্ণ (কেশবের প্রতি) — হৃদু বলত, এমন ভাবও দেখি নাই! এমন রোগও দেখি নাই। তখন আমার খুব অসুখ। সরা সরা বাহ্যে যাচ্ছি। মাথায় যেন দুলাখ পিঁ"
family,অসুখ ও শরীরের কষ্ট,Illness and pain,saying,শরীর দুদিনের — শক্তি চাইলে চেয়ো তাঁর নাম করার জন্য,"The body is brief; if you ask for strength, ask it to praise Him",20_n_at_dakshineshwar_391_395#p43,"১৮৮৪, ২রা মার্চ",20.14,yes,"“শরীরটা দুদিনের জন্য, তিনিই সত্য, শরীর এই আছে, এই নাই। অনেকদিন হল যখন পেটের ব্যামোতে বড় ভুগছি, হৃদে বললে — মাকে একবার বল না, — যাতে আরাম হয"
family,অসুখ ও শরীরের কষ্ট,Illness and pain,song,"কর তাঁর নাম গান, যতদিন দেহে রহে প্রাণ।",,,,,,
family,খারাপ লোক,Difficult people,saying,"কামড়াতে বারণ করেছি, ফোঁস করতে নয়","Don't bite, but you may hiss",02_f_thirdvisit_21_25#p23,১৮৮২ মার্চ,2.6,yes,"“প্রায় এক বৎসর পরে ব্রহ্মচারী সেইপথে আবার এল। এসেই সাপের সন্ধান করলে। রাখালেরা বললে, ‘সে সাপটা মরে গেছে।’ ব্রহ্মচারীর কিন্তু ও-কথা বিশ্বাস "
family,খারাপ লোক,Difficult people,saying,নিজেকে রক্ষা কর — কিন্তু উলটে অনিষ্ট কোরো না,Protect yourself — but don't harm them in return,02_f_thirdvisit_21_25#p19,১৮৮২ মার্চ,2.6,yes,শ্রীরামকৃষ্ণ — লোকের সঙ্গে বাস করতে গেলেই দুষ্ট লোকের হাত থেকে আপনাকে রক্ষা করবার জন্য একটু তমোগুণ দেখানো দরকার! কিন্তু সে অনিষ্ট করবে বলে উ
family,খারাপ লোক,Difficult people,saying,মাহুত নারায়ণের কথাও শুনতে হয়,Listen to the elephant-driver's warning too,52_d_avatars_920_923#p21,"১৮৮৫, ১৮ই অক্টোবর",52.4,yes,“আর একটি কথা। মাহুত নারায়ণের কথাই বা শুনি কেন? গুরু শিষ্যকে বলে দিছলেন সব নারায়ণ। পাগলা হাতি আসছিল। শিষ্য গুরুবাক্য বিশ্বাস করে সেখান থেকে
family,খারাপ লোক,Difficult people,saying,বাঘনারায়ণকে দূর থেকে প্রণাম,"God is in the tiger too, but bow from afar",11_atgovindamukhopadhyayas_138_139#p6,"১৮৮৩, ১৮ই ফেব্রুয়ারি",11.1,yes,"কীর্তনান্তে সকলেই উপবেশন করিলেন। অনেকেই ঠাকুরকে প্রণাম করিতেছেন। ঠাকুর মাঝে মাঝে বলিতেছেন, “ঈশ্বরকে প্রণাম কর।” আবার বলিতেছেন, “তিনিই সব হয়"
family,খারাপ লোক,Difficult people,saying,"নিন্দা? হাতি চলে যায়, ফিরেও চায় না",Slandered? The elephant walks on without looking back,02_f_thirdvisit_21_25#p11,১৮৮২ মার্চ,2.6,yes,"শ্রীরামকৃষ্ণ (নরেন্দ্রের প্রতি) — নরেন্দ্র তুই কি বলিস? সংসারী লোকেরা কত কি বলে! কিন্তু দেখ, হাতি যখন চলে যায়, পেছনে কত জানোয়ার কত রকম চিৎ"
family,খারাপ লোক,Difficult people,saying,কামারশালের নাই — সব সহ্য করবে,Be like the blacksmith's anvil,30_b_vijayagoswami_578_580#p6,"১৮৮৪, ২৬শে সেপ্টেম্বর",30.2,yes,শ্রীরামকৃষ্ণ (বিজয়ের প্রতি সহাস্যে) — তুমি সাকারবাদীদের সঙ্গে মেশো বলে তোমার নাকি বড় নিন্দা হয়েছে? যে ভগবানের ভক্ত তার কূটস্থ বুদ্ধি হওয়
family,খারাপ লোক,Difficult people,saying,দুষ্ট লোকেরও দরকার আছে,Even difficult people have their place,03_b_atshyampukur_35_38#p24,"১৮৮২, ২রা এপ্রিল",3.2,yes,“দুষ্ট লোকেরও দরকার আছে। একটি তালুকের প্রজারা বড়ই দুর্দান্ত হয়েছিল। তখন গোলক চৌধুরিকে পাঠিয়ে দেওয়া হল। তার নামে প্রজারা কাঁপতে লাগল — এত
spiritual,সন্দেহ ও অবিশ্বাস,Doubt,saying,দেখা যাচ্ছে না বলে কি সূর্য নাই?,"Clouds hide the sun, but the sun is there",38_b_withdevotees_712_714#p6,"১৮৮৪, ১৪ই ডিসেম্বর",38.2,yes,“জীবের অহংকার আছে বলে ঈশ্বরকে দেখতে পায় না। মেঘ উঠলে আর সূর্য দেখা যায় না। কিন্তু দেখা যাচ্ছে না বলে কি সূর্য নাই? সূর্য ঠিক আছে।
spiritual,সন্দেহ ও অবিশ্বাস,Doubt,saying,নাস্তিকভাব এলেও চাষা চাষ ছাড়ে না,"Even in a dry year, the farmer keeps farming",14_f_with_hajra_203_206#p30,"১৮৮৩, ৫ই জুন",14.6,yes,"“জ্ঞানীর পথ বিচারপথ। বিচার করতে করতে নাস্তিকভাব হয়তো কখন কখন এসে পড়ে। ভক্তের আন্তরিক তাঁকে জানবার ইচ্ছা থাকলে, নাস্তিকভাব এলেও সে ঈশ্বরচিন"
spiritual,সন্দেহ ও অবিশ্বাস,Doubt,saying,"সাকার না নিরাকার ভেবো না — কেঁদে বলো, ‘যেমন তুমি, তাই দেখাও’","Don't puzzle over what God is — just pray, 'Show me what You are'",34_e_whentorenouncework_613_616#p14,"১৮৮৪, ২রা অক্টোবর",34.5,yes,"“তিনি নিরাকার কি সাকার সে-সব কথা ভাববারই বা কি দরকার? নির্জনে গোপনে ব্যাকুল হয়ে কেঁদে কেঁদে তাঁকে বললেই হয় — হে ঈশ্বর, তুমি যে কেমন, তাই আ"
spiritual,সন্দেহ ও অবিশ্বাস,Doubt,saying,নিজে ডুব দিলে তবে সন্দেহ দূর হয়,Doubts go only when you dive in yourself,36_c_wealthofgod_658_659#p8,"১৮৮৪, ১৯শে অক্টোবর",36.3,yes,“শাস্ত্রের ভিতর কি ঈশ্বরকে পাওয়া যায়? শাস্ত্র পড়ে হদ্দ অস্তিমাত্র বোধ হয়। কিন্তু নিজে ডুব না দিলে ঈশ্বর দেখা দেন না। ডুব দেবার পর তিনি ন
spiritual,সন্দেহ ও অবিশ্বাস,Doubt,saying,একদিনে কি নাড়ী দেখা শেখা যায়?,Can you learn to read a pulse in a day? Keep company with those who know,13_a_with_devotees_174_175#p28,"১৮৮৩, ১৫ই এপ্রিল",13.1,yes,"শ্রীরামকৃষ্ণ — Thank you (সকলের হাস্য)। তোমার হবে! ঈশ্বরের কথা যদি কেউ বলে, লোকে বিশ্বাস করে না। যদি কোন মহাপুরুষ বলেন, আমি ঈশ্বরকে দেখেছি ত"
spiritual,সন্দেহ ও অবিশ্বাস,Doubt,saying,ব্যাকুল হয়ে খুঁজলে দর্শন হয় — সত্য বলছি,Seek Him with longing and He can be seen — I tell you truly,36_c_wealthofgod_658_659#p5,"১৮৮৪, ১৯শে অক্টোবর",36.3,yes,"“সব লোক বাবুর বাগান দেখে অবাক্‌ — কেমন গাছ, কেমন ফুল, কেমন ঝিল। কেমন বৈঠকখানা, কেমন তার ভিতর ছবি — এই সব দেখেই অবাক্‌। কিন্তু কই, বাগানের মা"
spiritual,সন্দেহ ও অবিশ্বাস,Doubt,saying,"প্রমাণ চাও? সায়েন্সে নয়, সাধনায় তাঁকে জানা যায়","Want proof? God is known by direct experience, not by science",20_y_at_dakshineshwar_426_429#p39,"১৮৮৪, ২৪শে মে",20.25,yes,শ্রীরামকৃষ্ণ — প্রমাণ? ঈশ্বরকে দেখা যায়; তপস্যা করলে তাঁর কৃপায় ঈশ্বরদর্শন হয়। ঋষিরা আত্মার সাক্ষাৎকার করেছিলেন। সায়েন্‌স্‌এ ঈশ্বরতত্ত্ব
spiritual,সন্দেহ ও অবিশ্বাস,Doubt,song,"মন কি তত্ত্ব কর তাঁরে, যেন উন্মত্ত আঁধার ঘরে ।",,,,,,
spiritual,কোন পথ ঠিক?,Which path is right?,saying,"জল, পানি, ওয়াটার — বস্তু এক","Jal, pani, water: one substance, many names",16_f_at_khelat_ghoshs_238_240#p9,"১৮৮৩, ২১শে জুলাই",16.6,yes,"শ্রীরামকৃষ্ণ (বৈষ্ণবভক্ত ও অন্যান্য ভক্তদের প্রতি) — আমার ধর্ম ঠিক, আর অপরের ধর্ম ভুল — এ মত ভাল না। ঈশ্বর এক বই দুই নাই। তাঁকে ভিন্ন ভিন্ন "
spiritual,কোন পথ ঠিক?,Which path is right?,saying,"সব ধর্মেই ভুল আছে, ব্যাকুলতাই আসল",Every faith has flaws; yearning is what counts — the Father hears 'ba' and 'pa',05_a_kedarsfestival_59_60#p15,"১৮৮২, ১৩ই অগস্ট",5.1,yes,"“যদি বল, ওদের ধর্মে অনেক ভুল, কুসংস্কার আছে; আমি বলি, তা থাকলেই বা, সকল ধর্মেই ভুল আছে। সব্বাই মনে করে আমার ঘড়িই ঠিক যাচ্ছে। ব্যাকুলতা থাকল"
spiritual,কোন পথ ঠিক?,Which path is right?,saying,গিরগিটির রঙ নিয়ে ঝগড়া,The quarrel over the chameleon's colour,12_g_withgoswami_150_152#p23,"১৮৮৩, ১১ই মার্চ",12.7,yes,"“একজন লোক বাহ্যে থেকে ফিরে এসে বললে গাছতলায় একটি সুন্দর লাল গিরগিটি দেখে এলুম। আর-একজন বললে, আমি তোমার আগে সেই গাছতলায় গিছলুম — লাল কেন হব"
spiritual,কোন পথ ঠিক?,Which path is right?,saying,"ছাদে ওঠার নানা উপায়, একটা ধরে ওঠো",Many ways to the roof; hold firmly to one,28_b_reconciliation_523_525#p8,"১৮৮৪, ৭ই সেপ্টেম্বর",28.2,yes,"শ্রীরামকৃষ্ণ — একটা জোর করে ধরতে হয়। ছাদে গেলে পাকা সিঁড়িতে উঠা যায়, একখানা মইয়ে উঠা যায়, দড়ির সিঁড়িতে উঠা যায়; একগাছা দড়ি দিয়ে, এ"
spiritual,কোন পথ ঠিক?,Which path is right?,saying,"একটা পথে ভালবাসা হলেই হল, বাকি তিনি বুঝিয়ে দেবেন",Love Him along one path; He will show you the rest,26_c_withdevotees_510_514#p45,"১৮৮৪, ৩রা অগস্ট",26.3,yes,"“কথাটা এই — কোনরকমে তাঁর উপর যাতে ভক্তি হয় — ভালবাসা হয়। নানা খবরে কাজ কি? একটা পথ দিয়ে যেতে যেতে যদি তাঁর উপর ভালবাসা হয়, তাহলেই হল। ভা"
spiritual,কোন পথ ঠিক?,Which path is right?,saying,"নিজের ধর্মে নিষ্ঠা, অন্য ধর্মে মিষ্ট ব্যবহার","Be devoted to your own path, and kind to others'",13_h_with_devotees_187_190#p8,"১৮৮৩, ২৭শে মে",13.8,yes,"“স্ত্রী যে স্বামীর সেবা করে সেও নিষ্ঠাভক্তি, দেবর ভাসুরকে খাওয়ায়, পা ধোয়ার জল দেয়, কিন্তু স্বামীর সঙ্গে অন্য সম্বন্ধ। সেইরূপ নিজের ধর্মত"
spiritual,কোন পথ ঠিক?,Which path is right?,saying,"যে পথেই থাকো, ব্যাকুল হয়ে ডাকো","Whatever your path, call on Him with longing",52_h_aboutavatars_933_937#p53,"১৮৮৫, ২২শে অক্টোবর",52.8,yes,শ্রীরামকৃষ্ণ — তোমার ছেলে অমৃত — অবতার মানে না। তাতে দোষ কি? ঈশ্বরকে নিরাকার বলে বিশ্বাস থাকলেও তাঁকে পাওয়া যায়। আবার সাকার বলে বিশ্বাস থা
spiritual,কোন পথ ঠিক?,Which path is right?,saying,যার যা পেটে সয় — মায়ের মাছ রান্না,A mother cooks the fish to suit each child,58_d_godorscience_1121_1123#p13,"১৮৮৪, ৬ই ডিসেম্বর",58.4,yes,শ্রীরামকৃষ্ণ — কেন গো! যার যা পেটে সয়। সকলে কি পলুয়া-কালিয়া খেলে হজম করতে পারে? বাড়িতে মাছ এলে মা সব ছেলেকে পমুয়া-কালিয়া দেন না। যে দু
spiritual,কীভাবে ডাকব,How to pray,saying,চুষি ফেলে ছেলে কাঁদলে মা ছুটে আসে,"Drop the toy and cry, and Mother comes running",07_e_formorformless_100_102#p10,"১৮৮২, ২৮শে অক্টোবর",7.5,yes,"“লোকে ছেলের জন্য, স্ত্রীর জন্য, টাকার জন্য, একঘটি কাঁদে। কিন্তু ঈশ্বরের জন্য কে কাঁদছে? যতক্ষণ ছেলে চুষি নিয়ে ভুলে থাকে, মা রান্নাবান্না বা"
spiritual,কীভাবে ডাকব,How to pray,saying,"সরল মনে, শুদ্ধ মনে প্রার্থনা কর","Pray with a simple, pure heart",36_i_kali_brahma_668_671#p28,"১৮৮৪, ১৯শে অক্টোবর",36.9,yes,"“তিনি অন্তর্যামী! তাঁকে সরল মনে, শুদ্ধমনে প্রার্থনা কর। তিনি সব বুঝিয়ে দিবেন। অহংকার ত্যাগ করে তাঁর শরণাগত হও; সব পাবে।"
spiritual,কীভাবে ডাকব,How to pray,saying,হিসাব নয় — বিড়ালছানার মতো কেবল ডাকো,No counting and calculating — just cry to Him like a kitten,19_f_at_kolkata_359_363#p46,"১৮৮৩, ২৭শে ডিসেম্বর",19.6,yes,"“বিড়ালের ছা কিন্তু নিজে মাকে ধরতে পারে না। সে পড়ে কেবল মিউ মিউ করে ডাকে! মা যা করে। মা কখনও বিছানার উপর, কখনও ছাদের উপর কাঠের আড়ালে রেখে "
spiritual,কীভাবে ডাকব,How to pray,saying,"নির্জনে ডাকো, ‘দেখা দাও’ বলে কাঁদো","Go apart and call Him; weep, 'Reveal Yourself to me'",37_c_with_devotees_682_685#p22,"১৮৮৪, ২৬শে অক্টোবর",37.3,yes,"“জো-সো করে তাঁর কাছে যেতে হবে। নির্জনে তাঁকে ডাকো, প্রার্থনা কর; ‘দেখা দাও’ বলে ব্যাকুল হয়ে কাঁদো। কামিনী-কাঞ্চনের জন্য পাগল হয়ে বেড়াতে প"
spiritual,কীভাবে ডাকব,How to pray,saying,তিনি আপনারই মা — আব্দার কর,She is your own Mother: insist like a child,36_e_powerofattorney_662_663#p27,"১৮৮৪, ১৯শে অক্টোবর",36.5,yes,শ্রীরামকৃষ্ণ — মার কাছে ব্যাকুল হয়ে ডাকো। তাঁর দর্শন হলে বিষয়রস শুকিয়ে যাবে; কামিনী-কাঞ্চনে আসক্তি সব দূরে চলে যাবে। আপনার মা বোধ থাকলে এ
spiritual,কীভাবে ডাকব,How to pray,saying,তিন টান একসঙ্গে হলে দর্শন,Love God with three loves combined,38_c_seeinggod_714_716#p5,"১৮৮৪, ১৪ই ডিসেম্বর",38.3,yes,"“তাই বলি, তিন টান একসঙ্গে হলে তবে তাঁকে লাভ করা যায়। বিষয়ীর বিষয়ের প্রতি টান, সতীর পতিতে টান, আর মায়ের সন্তানেতে টান — এই তিন ভালবাসা এক"
spiritual,কীভাবে ডাকব,How to pray,saying,চোখের জলে মনের ময়লা ধুয়ে যায়,Tears wash the mud off the needle,09_g_bhaktiyoga_122_125#p31,"১৮৮২, ১৪ই ডিসেম্বর",9.7,yes,"শ্রীরামকৃষ্ণ — চিত্তশুদ্ধি না হলে হয় না। কামিনী-কাঞ্চনে মন মলিন হয়ে আছে, মনে ময়লা পড়ে আছে। ছুঁচ কাদা দিয়ে ঢাকা থাকলে আর চুম্বক টানে না।"
spiritual,কীভাবে ডাকব,How to pray,saying,কি চাইবে? ঠাকুর চেয়েছিলেন কেবল শুদ্ধাভক্তি,What to pray for: Thakur asked for nothing but pure love,35_k_desirebhakti_646_648#p6,"১৮৮৪, ১১ই অক্টোবর",35.11,no,"“আমি মার কাছে প্রার্থনা করেছিলাম; বলেছিলাম মা! আমি লোকমান্য চাই না মা, অষ্টসিদ্ধি চাই না মা, ও মা! শতসিদ্ধি চাই না মা, দেহসুখ চাই না মা, কেব"
spiritual,কীভাবে ডাকব,How to pray,song,ডাক দেখি মন ডাকার মতো কেমন শ্যামা থাকতে পারে।,,,,,,
spiritual,ঈশ্বরলাভ হচ্ছে না,Getting nowhere,saying,"আন্তরিক যে চাইবে, তারই হবে — হবেই হবে",Whoever sincerely seeks God will surely reach Him,46_d_assurance_831_832#p5,"১৮৮৫, ৯ই মে",46.4,yes,"“এখানে আর কেউ নাই, তাই তোমাদের বলছি, — আন্তরিক ঈশ্বরকে যে জানতে চাইবে তারই হবে, হবেই হবে! যে ব্যকুল, ঈশ্বর বই আর কিছু চায় না, তারই হবে।"
spiritual,ঈশ্বরলাভ হচ্ছে না,Getting nowhere,saying,"প্রাণ ব্যাকুল হলে জেনো, অরুণোদয় হয়েছে",Your very longing is the dawn: the sun is not far,53_d_narendrasearnestness_1014_1017#p33,"১৮৮৬, ৪ঠা জানুয়ারি",53.4,yes,“ঈশ্বরের জন্য প্রাণ আটুবাটু করলে জানবে যে দর্শনের আর দেরি নাই। অরুণ উদয় হলে — পূর্বদিক লাল হলে — বুঝা যায় সূর্য উঠবে।”
spiritual,ঈশ্বরলাভ হচ্ছে না,Getting nowhere,saying,"কার্নিসের বীজ — ফল দেরিতে, কিন্তু হবেই","The seed on the cornice: slow to show, but it will bear fruit",07_b_teachingofdevotees_96_98#p11,"১৮৮২, ২৮শে অক্টোবর",7.2,yes,"“নিতাই কোনরকমে হরিনাম করিয়ে নিতেন। চৈতন্যদেব বলেছিলেন, ঈশ্বরের নামের ভারী মাহাত্ম্য। শীঘ্র ফল না হতে পারে, কিন্তু কখন না কখন এর ফল হবেই হবে"
spiritual,ঈশ্বরলাভ হচ্ছে না,Getting nowhere,saying,ছেলের দৌড়াদৌড়ি দেখে মা দেখা দেয়,"Seeing the child run about, the hiding mother appears",05_c_masterdisciple_62_66#p45,"১৮৮২, ২৪শে অগস্ট",5.3,yes,"“তাঁর কৃপা হলে আর ভয় নাই। বাপের হাত ধরে গেলেও বরং ছেলে পড়তে পারে? কিন্তু ছেলের হাত যদি বাপ ধরে, আর ভয় নাই। তিনি কৃপা করে যদি সন্দেহ ভঞ্জন"
spiritual,ঈশ্বরলাভ হচ্ছে না,Getting nowhere,saying,পাড়ে বসে থাকলে কি মাছ পাওয়া যায়?,You won't catch fish just sitting on the bank,37_c_with_devotees_682_685#p23,"১৮৮৪, ২৬শে অক্টোবর",37.3,yes,"“শুধু ‘তিনি আছেন’ বলে বসে থাকলে কি হবে? হালদার-পুকুরে বড় মাছ আছে। পুকুরের পাড়ে শুধু বসে থাকলে কি মাছ পাওয়া যায়? চার করো, চারা ফেলো, ক্রম"
spiritual,ঈশ্বরলাভ হচ্ছে না,Getting nowhere,saying,জল না আসা পর্যন্ত খানা কাটা,The farmer who dug until the water came,09_c_intenserenunciation_116_117#p8,"১৮৮২, ১৪ই ডিসেম্বর",9.3,yes,"“তীব্র বৈরাগ্য কাকে বলে, একটি গল্প শোন। এক দেশে অনাবৃষ্টি হয়েছে। চাষীরা সব খানা কেটে দূর থেকে জল আনছে। একজন চাষার খুব রোখ আছে; সে একদিন প্র"
spiritual,ঈশ্বরলাভ হচ্ছে না,Getting nowhere,saying,জন্ম জন্মের সাধনা বৃথা যায় না,Effort from past lives is never wasted,09_a_realisedsoul_113_114#p12,"১৮৮২, ১৪ই ডিসেম্বর",9.1,yes,"“পূর্বজন্মের সংস্কার মানতে হয়। শুনেছি, একজন শবসাধন করছিল, গভীর বনে ভগবতীর আরাধনা করছিল। কিন্তু সে অনেক বিভীষিকা দেখতে লাগল; শেষে তাকে বাঘে "
spiritual,ঈশ্বরলাভ হচ্ছে না,Getting nowhere,song,ডুব্‌ ডুব্‌ ডুব্‌ রূপসাগরে আমার মন ৷,,,,,,
spiritual,সময় নেই,No time for God,saying,দুবেলা প্রণাম — তাঁকে বকলমা দাও,Bow to Him morning and evening; give Him charge,20_h_shibpur_devotees_382_383#p11,"১৮৮৪, ২রা ফেব্রুয়ারি",20.8,yes,"“যারা একান্ত পারবে না তারা দুবেলা খুব দুটো করে প্রণাম করবে। তিনি তো অন্তর্যামী, — বুঝছেন যে, এরা কি করে! অনেক কাজ করতে হয়। তোমাদের ডাকবার স"
spiritual,সময় নেই,No time for God,saying,সন্ধ্যা-সকালে হাততালি দিয়ে হরিবোল,No time? Clap and call His name morning and evening,38_c_seeinggod_714_716#p9,"১৮৮৪, ১৪ই ডিসেম্বর",38.3,yes,"“কলিতে নারদীয় ভক্তি — সর্বদা তাঁর নামগুণকীর্তন করা। যাদের সময় নাই, তারা যেন সন্ধ্যা-সকালে হাততালি দিয়ে একমনে হরিবোল হরিবোল বলে তাঁর ভজনা "
spiritual,সময় নেই,No time for God,saying,ঢেঁকির পাড়ে বারো আনা মন হাতের উপর,"The rice-pounding woman: busy hands, mind on what matters",28_f_withnarendra_534_535#p14,"১৮৮৪, ১৪ই সেপ্টেম্বর",28.6,yes,"“তাঁকে লাভ করার পর সংসার করা যেতে পারে। তখন নির্লিপ্ত হতে পারে। ও-দেশে ছুতোরদের মেয়েদের দেখেছি — ঢেঁকি নিয়ে চিড়ে কোটে। একহাতে ধান নাড়ে, "
spiritual,সময় নেই,No time for God,saying,কচ্ছপের মতো সংসারে থাক,"Like the tortoise, whose mind stays with its eggs",20_t_mahimas_scholarship_411_413#p26,"১৮৮৪, ২৩শে মার্চ",20.20,yes,"“তোমাদের সব ত্যাগ করবার দরকার নাই। কচ্ছপের মতো সংসারে থাক। কচ্ছপ নিজে জলে চরে বেড়ায়; — কিন্তু ডিম আড়াতে রাখে — সব মনটা তার ডিম যেখানে, সে"
spiritual,সময় নেই,No time for God,saying,রোজ তাঁকে ডাকা অভ্যাস করতে হয়,Make calling on Him a daily habit,41_b_calmnessofgirish_742_744#p28,"১৮৮৫, ২৫শে ফেব্রুয়ারি",41.2,yes,শ্রীরামকৃষ্ণ — অভ্যাসযোগ! রোজ তাঁকে ডাকা অভ্যাস করতে হয়। একদিনে হয় না; রোজ ডাকতে ডাকতে ব্যাকুলতা আসে।
spiritual,সময় নেই,No time for God,saying,মাঝে মাঝে নির্জনে গিয়ে ব্যাকুল হয়ে ডাকবে,"Now and then, go apart and call on Him",40_c_withdevotees_734_736#p6,"১৮৮৫, ২২শে ফেব্রুয়ারি",40.3,yes,"“সন্ন্যাসীর পক্ষে কামিনী-কাঞ্চন ত্যাগ, তোমাদের পক্ষে তা নয়। তোমারা মাঝে মাঝে নির্জনে যাবে আর তাঁকে ব্যাকুল হয়ে ডাকবে। তোমরা মনে ত্যাগ করবে"
spiritual,সময় নেই,No time for God,song,যাবে কি হে দিন আমার বিফলে চলিয়ে।,,,,,,
spiritual,মায়া ও আসক্তি,Attachment,saying,"বড়মানুষের বাড়ির ঝির মতো — সব কর, কিন্তু জেনো এ-সব তাঁর","Like the nursemaid: do everything, but know it is all His",30_b_vijayagoswami_578_580#p19,"১৮৮৪, ২৬শে সেপ্টেম্বর",30.2,yes,"“সংসারে থাকো, যেমন বড়মানুষের বাড়ির ঝি। সব কাজ করে, ছেলে মানুষ করে, বাবুর ছেলেকে বলে আমার হরি কিন্তু তার মন দেশে পড়ে থাকে। তেমনি সংসারে সব"
spiritual,মায়া ও আসক্তি,Attachment,saying,"তাঁকে যত চিন্তা করবে, আসক্তি তত কমবে","The more you think of Him, the more attachment loosens",37_f_maya_691_693#p28,"১৮৮৪, ২৬শে অক্টোবর",37.6,yes,"“তাই জন্যই সাধন-ভজন। তাঁকে চিন্তা যত করবে, ততই সংসারের সামান্য ভোগের জিনিসে আসক্তি কমবে। তাঁর পাদপদ্মে যত ভক্তি হবে, ততই বিষয়বাসনা কম পড়ে "
spiritual,মায়া ও আসক্তি,Attachment,saying,"""আমি-আমার"" অজ্ঞান; ""তুমি-তোমার"" জ্ঞান","""I and mine"" is ignorance; ""You and Yours"" is wisdom",21_g_brahmosamajandramakrishna_456_458#p19,"১৮৮৪, ১৫ই জুন",21.7,yes,"(ভক্তদের প্রতি) — ‘আমি’ আর ‘আমার’ এইটির নাম অজ্ঞান। রাসমণি কালীবাড়ি করেছেন, এই কথাই লোকে বলে। কেউ বলে না যে, ঈশ্বর করেছেন। ‘ব্রাহ্মসমাজ অমু"
spiritual,মায়া ও আসক্তি,Attachment,saying,দয়া আর মায়া অনেক তফাত,Compassion is not the same as attachment,16_g_at_dakshineshwar_241_242#p18,"১৮৮৩, ২২শে জুলাই",16.7,yes,"“ঈশ্বর বিদ্যাসাগর যেরূপ কাজ করছে সে খুব ভাল। দয়া খুব ভাল। দয়া আর মায়া অনেক তফাত। দয়া ভাল, মায়া ভাল নয়। মায়া আত্মীয়ের উপর ভালবাসা — স"
spiritual,মায়া ও আসক্তি,Attachment,saying,পাঁকাল মাছের মতো — কাদা ঝেড়ে ফেলবে,"Like the mudfish: live in the mud, shake it off",44_b_sriramakrishnasdivinetrance_797_799#p10,"১৮৮৫, ১২ই এপ্রিল",44.2,yes,"“আমার অবস্থা নজিরের জন্য। তোমরা সংসার করো, অনাসক্ত হয়ে। গায়ে কাদা লাগবে কিন্তু ঝেড়ে ফেলবে, পাঁকাল মাছের মতো। কলঙ্কসাগরে সাঁতার দেবে — তবু"
spiritual,মায়া ও আসক্তি,Attachment,saying,"নিজে ঘর বানিয়েছে, ছেড়ে আসতে মায়া হয়",The silkworm trapped in the cocoon it built,12_q_ramlals_songs_168_170#p13,"১৮৮৩, ৮ই এপ্রিল",12.17,yes,"“বদ্ধজীব — সংসারী জীব, এরা যেমন গুটিপোকা। মনে করলে কেটে বেরিয়ে আসতে পারে; কিন্তু নিজে ঘর বানিয়েছে, ছেড়ে আসতে মায়া হয়। শেষে মৃত্যু।"
spiritual,মায়া ও আসক্তি,Attachment,saying,"যাদের 'আমার আমার' করছ, চোখ বুজলেই নাই",All you call 'mine' vanishes when your eyes close,17_k_jaygopal_sen_310_312#p18,"১৮৮৩, ২৮শে নভেম্বর",17.11,yes,“তোমরা তো নিজে নিজে দেখছ সংসার অনিত্য। এই দেখ না কেন? কত লোক এল গেল! কত জন্মালো কত দেহত্যাগ করলে! সংসার এই আছে এই নাই। অনিত্য! যাদের এত ‘আমা
spiritual,মায়া ও আসক্তি,Attachment,song,"ভেবে দেখ মন কেউ কারু নয়, মিছে ভ্রম ভূমণ্ডলে।",,,,,,
spiritual,মায়া ও আসক্তি,Attachment,song,এমনি মহামায়ার মায়া রেখেছ কি কুহক করে।,,,,,,
spiritual,জীবনের উদ্দেশ্য,The purpose of life,saying,"বোঝার দরকার নাই — জীবনের উদ্দেশ্য ভক্তি, আম খাও",No need to understand it all: life's aim is love of God — eat the mangoes,09_h_withbaburam_125_128#p16,"১৮৮২, ১৪ই ডিসেম্বর",9.8,yes,"শ্রীরামকৃষ্ণ — ঈশ্বরের কার্য কি বুঝা যায়, তিনি কি উদ্দেশ্যে কি করেন? তিনি সৃষ্টি, পালন, সংহার সবই করছেন। তিনি কেন সংহার করছেন আমরা কি বুঝতে"
spiritual,জীবনের উদ্দেশ্য,The purpose of life,saying,"সৎকর্ম প্রথম ধাপ, জীবনের উদ্দেশ্য ঈশ্বরলাভ",Good works are a first step; the goal of life is God,21_f_moneyworship_453_456#p16,"১৮৮৪, ১৫ই জুন",21.6,yes,"“শম্ভু বললে, এখন এই আশীর্বাদ করুন যে, টাকা আছে, সেগুলি সদ্ব্যয়ে যায়, — হাসপাতাল, ডিস্পেনসারি করা, রাস্তা-ঘাট করা, কুয়ো করা এই সবে। আমি বল"
spiritual,জীবনের উদ্দেশ্য,The purpose of life,saying,অর্জুনের মতো লক্ষ্য একটাই — ঈশ্বরলাভ,"Make God your one aim, as Arjuna saw only the bird's eye",20_r_at_dakshineshwar_403_407#p37,"১৮৮৪, ২৩শে মার্চ",20.18,yes,"“তাঁকে লাভ করাই জীবনের উদ্দেশ্য। লক্ষ্য বিঁধবার সময় অর্জুন বললেন — আমি আর কিছুই দেখতে পাচ্ছি না, — কেবল পাখির চক্ষু দেখতে পাচ্ছি — রাজাদেরও"
spiritual,জীবনের উদ্দেশ্য,The purpose of life,saying,মানবজীবনের উদ্দেশ্য ঈশ্বরকে ভালবাসা,The aim of life is to love God,03_a_atbalaramhome_33_35#p16,"১৮৮২, ১১ই মার্চ",3.1,yes,"ঠাকুর বলিলেন, “ভজনানন্দ, ব্রহ্মানন্দ, এই আনন্দই সুরা; প্রেমের সুরা। মানবজীবনের উদ্দেশ্য ঈশ্বরে প্রেম, ঈশ্বরকে ভালবাসা। ভক্তিই সার, জ্ঞানবিচা"
spiritual,জীবনের উদ্দেশ্য,The purpose of life,saying,দুর্লভ মানুষ জনম পেয়ে ভক্তি চাই,"Given a rare human birth, seek devotion",07_e_formorformless_100_102#p23,"১৮৮২, ২৮শে অক্টোবর",7.5,yes,“ভক্তিপথ তোমাদের পথ। এ খুব ভাল — এ সহজ পথ। অনন্ত ঈশ্বরকে কি জানা যায়? আর তাঁকে জানবারই বা কি দরকার? এই দুর্লভ মানুষ জনম পেয়ে আমার দরকার তা
spiritual,জীবনের উদ্দেশ্য,The purpose of life,saying,জো-সো করে বাবুর সঙ্গে আলাপ করা,"Somehow, get to meet the Master of the house",24_d_god_realization_485_488#p8,"১৮৮৪, ৩০শে জুন",24.4,yes,"“ঈশ্বর কত কি করেছেন। তাঁর অনন্ত ব্রহ্মাণ্ড — তাঁর অনন্ত ঐশ্বর্যের জ্ঞান আমার দরকার কি! আর যদি জানতে ইচ্ছা করে, আগে তাঁকে লাভ করতে হয়, তারপর"
spiritual,জীবনের উদ্দেশ্য,The purpose of life,song,মন রে কৃষি কাজ জানো না।,,,,,,
